date,district,precipitation_mm,temp_max_c,temp_min_c,wind_speed_kmh
2024-08-01,Nashik,1.77,29.31,16.01,16.13
2024-08-02,Nashik,11.72,29.8,18.26,10.42
2024-08-03,Nashik,12.27,33.9,24.22,8.77
2024-08-04,Nashik,8.2,33.56,24.25,8.26
2024-08-05,Nashik,11.13,31.05,18.2,10.64
2024-08-06,Nashik,13.25,33.3,24.75,14.98
2024-08-07,Nashik,0.79,27.9,16.79,12.56
2024-08-08,Nashik,18.74,31.42,21.15,10.36
2024-08-09,Nashik,19.83,31.54,18.0,11.32
2024-08-10,Nashik,18.69,31.99,19.17,10.23
2024-08-11,Nashik,10.21,32.04,20.23,9.04
2024-08-12,Nashik,6.0,29.45,15.55,16.45
2024-08-13,Nashik,1.59,31.6,19.47,10.17
2024-08-14,Nashik,26.09,31.65,17.73,16.3
2024-08-15,Nashik,8.58,28.87,20.72,15.63
2024-08-16,Nashik,25.09,30.31,19.83,15.69
2024-08-17,Nashik,9.68,31.69,18.87,13.78
2024-08-18,Nashik,1.0,28.84,16.31,14.73
2024-08-19,Nashik,0.93,28.85,16.04,9.17
2024-08-20,Nashik,13.61,28.36,15.0,18.01
2024-08-21,Nashik,14.44,30.56,21.24,15.33
2024-08-22,Nashik,13.29,26.46,15.0,10.3
2024-08-23,Nashik,12.7,29.5,18.75,15.19
2024-08-24,Nashik,1.89,25.13,17.77,21.23
2024-08-25,Nashik,8.49,27.76,18.54,15.93
2024-08-26,Nashik,22.47,28.42,17.91,9.4
2024-08-27,Nashik,1.83,27.5,18.18,10.47
2024-08-28,Nashik,1.58,27.94,18.28,13.09
2024-08-29,Nashik,11.44,31.73,18.92,14.12
2024-08-30,Nashik,11.97,30.0,19.32,8.71
2024-08-31,Nashik,14.19,30.22,18.74,8.22
2024-09-01,Nashik,19.81,30.47,16.82,6.09
2024-09-02,Nashik,1.83,27.78,15.0,15.21
2024-09-03,Nashik,21.91,29.49,22.22,8.84
2024-09-04,Nashik,26.57,27.22,15.0,11.08
2024-09-05,Nashik,26.1,27.14,16.6,8.97
2024-09-06,Nashik,19.97,27.41,16.45,17.49
2024-09-07,Nashik,0.06,28.0,20.87,13.87
2024-09-08,Nashik,0.08,28.19,19.83,18.28
2024-09-09,Nashik,22.75,31.6,19.45,8.24
2024-09-10,Nashik,19.27,26.73,19.56,10.79
2024-09-11,Nashik,13.79,26.23,15.0,12.67
2024-09-12,Nashik,14.88,26.66,16.8,11.22
2024-09-13,Nashik,6.07,27.53,18.38,15.3
2024-09-14,Nashik,20.61,26.35,15.06,7.51
2024-09-15,Nashik,1.0,28.26,17.75,18.0
2024-09-16,Nashik,7.81,30.91,20.78,10.28
2024-09-17,Nashik,15.37,26.52,18.35,16.31
2024-09-18,Nashik,1.87,27.17,18.39,13.46
2024-09-19,Nashik,15.28,28.62,16.24,16.06
2024-09-20,Nashik,15.23,28.91,17.36,11.21
2024-09-21,Nashik,10.06,26.18,15.08,6.87
2024-09-22,Nashik,1.67,23.71,15.0,12.89
2024-09-23,Nashik,22.56,23.22,15.0,13.49
2024-09-24,Nashik,20.32,24.72,15.43,16.37
2024-09-25,Nashik,0.5,25.15,16.81,11.28
2024-09-26,Nashik,15.1,23.46,15.0,12.44
2024-09-27,Nashik,0.32,26.85,17.8,14.37
2024-09-28,Nashik,20.08,27.49,19.31,16.87
2024-09-29,Nashik,26.45,25.04,17.37,12.14
2024-09-30,Nashik,10.53,25.67,15.0,6.0
2024-10-01,Nashik,0.57,21.79,15.0,10.65
2024-10-02,Nashik,0.0,24.52,15.0,7.74
2024-10-03,Nashik,0.23,24.19,15.0,10.69
2024-10-04,Nashik,0.0,26.74,15.08,9.25
2024-10-05,Nashik,0.73,25.57,15.0,8.59
2024-10-06,Nashik,0.0,22.32,15.0,10.82
2024-10-07,Nashik,1.4,23.64,15.0,10.47
2024-10-08,Nashik,0.0,25.56,15.78,11.67
2024-10-09,Nashik,0.0,23.37,15.0,12.17
2024-10-10,Nashik,0.0,22.17,15.0,9.63
2024-10-11,Nashik,0.0,22.74,15.0,7.29
2024-10-12,Nashik,0.0,23.16,15.0,9.63
2024-10-13,Nashik,0.0,24.59,15.43,14.51
2024-10-14,Nashik,0.0,21.0,15.0,4.85
2024-10-15,Nashik,0.0,23.88,15.0,10.23
2024-10-16,Nashik,0.0,24.36,15.0,7.2
2024-10-17,Nashik,0.0,23.01,15.0,10.62
2024-10-18,Nashik,0.91,26.45,15.0,8.23
2024-10-19,Nashik,0.0,24.92,17.56,8.82
2024-10-20,Nashik,0.0,21.87,15.0,8.68
2024-10-21,Nashik,0.0,22.91,15.23,8.88
2024-10-22,Nashik,0.0,25.14,15.0,6.52
2024-10-23,Nashik,0.0,22.16,15.0,7.53
2024-10-24,Nashik,0.48,22.18,15.0,9.53
2024-10-25,Nashik,0.0,21.86,15.0,10.58
2024-10-26,Nashik,0.86,22.26,15.0,12.18
2024-10-27,Nashik,0.0,21.0,15.0,13.4
2024-10-28,Nashik,0.0,25.23,15.0,3.98
2024-10-29,Nashik,1.03,21.1,15.0,7.66
2024-10-30,Nashik,1.1,22.22,15.0,6.25
2024-10-31,Nashik,0.0,24.23,15.0,11.32
2024-11-01,Nashik,0.0,21.0,15.0,11.16
2024-11-02,Nashik,0.0,21.0,15.0,14.88
2024-11-03,Nashik,1.03,21.0,15.0,8.1
2024-11-04,Nashik,0.0,23.11,15.01,10.37
2024-11-05,Nashik,0.0,21.0,15.0,7.71
2024-11-06,Nashik,0.0,22.82,15.0,5.42
2024-11-07,Nashik,0.0,23.14,15.33,13.4
2024-11-08,Nashik,0.75,25.03,16.87,5.73
2024-11-09,Nashik,1.72,24.69,15.0,11.25
2024-11-10,Nashik,0.0,23.29,15.0,11.3
2024-11-11,Nashik,0.0,21.68,15.0,5.1
2024-11-12,Nashik,0.0,21.0,15.0,5.86
2024-11-13,Nashik,0.0,26.02,18.56,10.21
2024-11-14,Nashik,0.0,23.76,15.0,14.62
2024-11-15,Nashik,0.0,24.03,15.0,5.84
2024-11-16,Nashik,0.24,24.29,15.0,10.35
2024-11-17,Nashik,0.0,23.17,16.16,7.63
2024-11-18,Nashik,0.0,26.65,15.0,16.01
2024-11-19,Nashik,0.46,21.0,15.0,3.91
2024-11-20,Nashik,0.0,21.55,15.0,10.54
2024-11-21,Nashik,0.0,23.24,15.0,4.19
2024-11-22,Nashik,0.0,25.39,17.7,4.27
2024-11-23,Nashik,0.0,21.4,15.0,10.26
2024-11-24,Nashik,0.0,23.27,15.0,10.78
2024-11-25,Nashik,0.0,21.66,15.0,5.99
2024-11-26,Nashik,0.26,22.39,15.0,5.08
2024-11-27,Nashik,1.53,24.28,15.0,8.94
2024-11-28,Nashik,0.0,23.4,15.0,10.06
2024-11-29,Nashik,0.0,21.31,15.0,12.35
2024-11-30,Nashik,0.0,25.4,17.68,11.37
2024-12-01,Nashik,1.41,23.26,15.0,9.84
2024-12-02,Nashik,0.0,21.0,15.0,2.0
2024-12-03,Nashik,0.0,21.17,15.0,5.14
2024-12-04,Nashik,0.0,23.09,15.0,9.67
2024-12-05,Nashik,0.0,21.25,15.0,6.63
2024-12-06,Nashik,0.0,23.48,15.0,6.57
2024-12-07,Nashik,1.95,22.77,15.0,2.6
2024-12-08,Nashik,0.0,23.04,15.0,2.0
2024-12-09,Nashik,0.0,26.26,19.06,10.57
2024-12-10,Nashik,0.0,23.07,15.0,6.42
2024-12-11,Nashik,1.95,25.77,15.0,13.36
2024-12-12,Nashik,1.18,21.72,15.0,9.81
2024-12-13,Nashik,0.0,22.27,15.0,2.77
2024-12-14,Nashik,0.0,23.49,15.0,11.35
2024-12-15,Nashik,0.0,21.18,15.0,2.0
2024-12-16,Nashik,1.55,21.0,15.0,6.24
2024-12-17,Nashik,0.0,22.78,15.0,10.06
2024-12-18,Nashik,0.0,24.35,15.0,11.48
2024-12-19,Nashik,0.0,22.79,15.0,10.6
2024-12-20,Nashik,0.0,24.73,15.0,6.03
2024-12-21,Nashik,0.0,22.32,15.0,5.06
2024-12-22,Nashik,0.35,23.68,15.0,6.51
2024-12-23,Nashik,0.0,23.55,15.0,6.04
2024-12-24,Nashik,0.0,28.27,17.53,8.05
2024-12-25,Nashik,1.86,24.94,15.0,10.01
2024-12-26,Nashik,0.0,23.4,16.38,8.68
2024-12-27,Nashik,0.0,27.15,15.0,12.02
2024-12-28,Nashik,0.0,22.9,15.0,6.66
2024-12-29,Nashik,0.0,22.64,15.0,8.91
2024-12-30,Nashik,1.67,23.92,15.56,8.01
2024-12-31,Nashik,0.0,24.75,16.87,6.86
2025-01-01,Nashik,0.0,25.95,15.0,5.41
2025-01-02,Nashik,0.0,26.21,16.46,7.48
2025-01-03,Nashik,0.0,21.98,15.0,8.94
2025-01-04,Nashik,0.2,23.9,16.39,6.31
2025-01-05,Nashik,0.91,22.86,15.0,11.26
2025-01-06,Nashik,0.0,26.23,15.24,8.24
2025-01-07,Nashik,0.0,26.3,15.0,12.11
2025-01-08,Nashik,0.03,26.99,17.51,9.49
2025-01-09,Nashik,0.0,25.7,15.0,6.46
2025-01-10,Nashik,0.0,25.3,15.36,2.0
2025-01-11,Nashik,0.0,21.89,15.0,8.71
2025-01-12,Nashik,0.0,25.74,15.27,9.25
2025-01-13,Nashik,0.0,22.22,15.0,9.24
2025-01-14,Nashik,0.0,27.25,15.0,9.47
2025-01-15,Nashik,0.0,27.22,18.02,7.19
2025-01-16,Nashik,0.0,25.04,15.0,5.59
2025-01-17,Nashik,0.58,25.61,17.63,9.09
2025-01-18,Nashik,0.0,26.93,16.09,7.03
2025-01-19,Nashik,0.0,29.51,21.09,13.17
2025-01-20,Nashik,0.0,25.25,16.89,10.61
2025-01-21,Nashik,0.0,23.92,15.0,7.51
2025-01-22,Nashik,0.0,28.21,16.05,7.43
2025-01-23,Nashik,0.0,27.71,15.96,6.61
2025-01-24,Nashik,0.0,27.81,17.64,8.49
2025-01-25,Nashik,0.0,29.07,19.05,6.66
2025-01-26,Nashik,0.0,26.58,18.63,16.08
2025-01-27,Nashik,0.0,28.79,20.01,9.6
2025-01-28,Nashik,0.0,27.15,15.34,11.33
2025-01-29,Nashik,0.0,25.76,15.0,3.66
2025-01-30,Nashik,0.0,26.21,15.0,7.44
2025-01-31,Nashik,0.0,27.8,18.74,8.02
2025-02-01,Nashik,0.0,30.55,22.58,10.95
2025-02-02,Nashik,0.0,27.35,15.45,6.81
2025-02-03,Nashik,0.66,27.43,19.29,5.1
2025-02-04,Nashik,0.0,26.77,18.84,8.97
2025-02-05,Nashik,0.0,31.25,21.09,10.85
2025-02-06,Nashik,0.9,27.79,18.31,8.95
2025-02-07,Nashik,0.0,28.72,21.46,4.5
2025-02-08,Nashik,0.14,30.14,17.29,7.16
2025-02-09,Nashik,0.0,28.2,19.99,5.4
2025-02-10,Nashik,0.0,27.05,15.0,9.62
2025-02-11,Nashik,0.0,28.87,19.63,2.0
2025-02-12,Nashik,0.0,26.25,17.45,6.51
2025-02-13,Nashik,0.0,32.18,23.04,8.28
2025-02-14,Nashik,0.27,30.33,22.91,6.93
2025-02-15,Nashik,1.98,31.25,24.03,10.08
2025-02-16,Nashik,1.7,30.3,18.92,5.02
2025-02-17,Nashik,0.0,25.67,15.0,9.75
2025-02-18,Nashik,0.0,30.47,23.15,8.39
2025-02-19,Nashik,0.0,27.98,15.0,8.84
2025-02-20,Nashik,0.0,31.72,19.48,9.35
2025-02-21,Nashik,0.0,28.96,21.93,11.23
2025-02-22,Nashik,0.0,31.2,21.88,8.35
2025-02-23,Nashik,1.83,30.69,17.33,10.36
2025-02-24,Nashik,1.64,29.69,22.63,8.47
2025-02-25,Nashik,0.25,32.65,25.01,2.33
2025-02-26,Nashik,1.67,30.61,20.36,8.45
2025-02-27,Nashik,0.0,33.3,23.5,8.93
2025-02-28,Nashik,0.3,34.14,26.76,8.3
2025-03-01,Nashik,0.0,30.19,18.37,11.62
2025-03-02,Nashik,0.0,32.16,23.02,12.41
2025-03-03,Nashik,1.12,32.66,22.37,9.22
2025-03-04,Nashik,0.0,34.78,25.88,12.52
2025-03-05,Nashik,1.78,32.68,24.95,6.82
2025-03-06,Nashik,0.0,31.89,23.01,6.42
2025-03-07,Nashik,0.0,31.6,17.97,7.33
2025-03-08,Nashik,0.0,33.52,26.16,12.02
2025-03-09,Nashik,0.0,32.88,25.09,5.42
2025-03-10,Nashik,0.0,33.1,24.73,12.07
2025-03-11,Nashik,0.0,32.12,22.66,14.15
2025-03-12,Nashik,0.0,32.97,23.08,7.38
2025-03-13,Nashik,0.0,29.48,19.77,5.88
2025-03-14,Nashik,0.0,32.44,19.66,11.32
2025-03-15,Nashik,0.0,34.83,24.92,7.96
2025-03-16,Nashik,0.0,34.33,22.87,9.32
2025-03-17,Nashik,1.71,33.12,22.9,7.18
2025-03-18,Nashik,0.0,38.5,30.0,6.61
2025-03-19,Nashik,0.11,35.2,24.11,8.66
2025-03-20,Nashik,0.0,31.13,21.66,8.13
2025-03-21,Nashik,0.0,34.83,24.61,6.61
2025-03-22,Nashik,0.0,35.67,26.78,7.29
2025-03-23,Nashik,0.0,33.43,22.89,5.02
2025-03-24,Nashik,0.0,33.51,25.27,6.15
2025-03-25,Nashik,0.0,33.61,23.51,6.89
2025-03-26,Nashik,1.15,32.16,19.21,10.35
2025-03-27,Nashik,0.0,37.63,26.36,14.1
2025-03-28,Nashik,0.0,35.45,28.3,8.88
2025-03-29,Nashik,0.37,35.34,25.48,6.77
2025-03-30,Nashik,0.0,35.44,23.49,5.08
2025-03-31,Nashik,0.0,33.21,22.9,14.6
2025-04-01,Nashik,0.0,33.58,26.02,11.37
2025-04-02,Nashik,0.0,33.2,22.51,10.01
2025-04-03,Nashik,0.0,34.8,27.0,11.64
2025-04-04,Nashik,0.0,40.56,30.0,8.66
2025-04-05,Nashik,0.0,35.01,22.75,8.48
2025-04-06,Nashik,0.31,34.36,21.54,7.23
2025-04-07,Nashik,0.0,34.33,26.75,13.95
2025-04-08,Nashik,0.0,35.65,21.68,9.76
2025-04-09,Nashik,0.0,40.09,30.0,13.32
2025-04-10,Nashik,0.0,32.14,24.03,9.87
2025-04-11,Nashik,0.0,36.56,27.8,9.26
2025-04-12,Nashik,0.0,34.38,26.11,8.63
2025-04-13,Nashik,0.0,37.66,24.36,5.93
2025-04-14,Nashik,1.32,34.24,26.35,2.0
2025-04-15,Nashik,0.0,36.1,26.56,6.75
2025-04-16,Nashik,0.69,35.13,22.13,8.48
2025-04-17,Nashik,0.0,36.26,24.6,9.08
2025-04-18,Nashik,0.0,39.92,27.72,8.81
2025-04-19,Nashik,0.0,37.24,29.57,8.8
2025-04-20,Nashik,0.0,37.92,30.0,9.08
2025-04-21,Nashik,0.0,37.5,29.07,6.92
2025-04-22,Nashik,0.0,38.32,25.71,10.07
2025-04-23,Nashik,0.22,40.18,30.0,4.7
2025-04-24,Nashik,1.8,36.08,28.63,6.76
2025-04-25,Nashik,0.0,38.99,30.0,12.58
2025-04-26,Nashik,0.0,40.32,30.0,8.93
2025-04-27,Nashik,0.0,35.4,27.37,10.71
2025-04-28,Nashik,0.0,35.75,27.47,3.68
2025-04-29,Nashik,0.0,41.15,30.0,12.63
2025-04-30,Nashik,0.0,37.66,25.01,10.42
2025-05-01,Nashik,0.13,34.64,23.17,7.42
2025-05-02,Nashik,0.0,38.67,24.7,4.96
2025-05-03,Nashik,0.0,35.65,26.52,6.27
2025-05-04,Nashik,0.0,36.71,23.82,13.69
2025-05-05,Nashik,0.0,34.95,22.05,10.53
2025-05-06,Nashik,0.0,35.64,22.08,6.15
2025-05-07,Nashik,0.0,36.8,23.37,9.26
2025-05-08,Nashik,0.0,38.1,26.7,11.93
2025-05-09,Nashik,0.0,38.33,30.0,10.91
2025-05-10,Nashik,0.0,35.18,24.52,8.56
2025-05-11,Nashik,0.0,35.77,23.46,8.45
2025-05-12,Nashik,1.11,40.21,30.0,12.63
2025-05-13,Nashik,0.45,38.91,27.25,9.62
2025-05-14,Nashik,0.0,39.08,26.45,9.92
2025-05-15,Nashik,1.29,39.59,27.42,6.73
2025-05-16,Nashik,0.0,32.97,25.6,11.41
2025-05-17,Nashik,0.0,33.52,23.42,5.29
2025-05-18,Nashik,0.0,37.64,29.92,6.97
2025-05-19,Nashik,0.0,39.02,29.28,7.69
2025-05-20,Nashik,0.0,39.97,29.67,15.18
2025-05-21,Nashik,1.91,37.91,28.09,10.19
2025-05-22,Nashik,0.0,35.29,25.67,7.82
2025-05-23,Nashik,0.0,40.04,30.0,6.91
2025-05-24,Nashik,0.0,37.96,27.51,5.56
2025-05-25,Nashik,0.0,40.82,29.79,15.92
2025-05-26,Nashik,0.0,39.55,27.99,13.0
2025-05-27,Nashik,0.0,37.06,24.36,11.95
2025-05-28,Nashik,0.0,33.7,25.26,8.15
2025-05-29,Nashik,0.41,36.03,24.98,5.43
2025-05-30,Nashik,0.0,33.88,21.72,14.93
2025-05-31,Nashik,0.0,38.61,29.85,8.71
2025-06-01,Nashik,0.06,36.05,24.45,17.83
2025-06-02,Nashik,22.37,40.14,29.28,6.16
2025-06-03,Nashik,13.73,38.73,25.25,5.65
2025-06-04,Nashik,13.46,36.56,27.79,11.38
2025-06-05,Nashik,15.62,37.21,26.04,17.97
2025-06-06,Nashik,0.48,36.77,25.41,6.95
2025-06-07,Nashik,18.15,35.55,23.33,20.13
2025-06-08,Nashik,0.99,38.53,26.09,17.66
2025-06-09,Nashik,1.49,33.75,26.68,11.78
2025-06-10,Nashik,19.23,37.32,27.93,11.79
2025-06-11,Nashik,1.78,34.25,26.05,11.7
2025-06-12,Nashik,0.38,33.79,26.38,10.81
2025-06-13,Nashik,0.32,38.73,27.68,15.38
2025-06-14,Nashik,11.63,36.59,24.55,12.22
2025-06-15,Nashik,9.25,39.13,29.95,9.79
2025-06-16,Nashik,1.32,36.8,22.99,11.74
2025-06-17,Nashik,15.89,34.79,26.31,14.23
2025-06-18,Nashik,1.67,36.01,26.57,14.76
2025-06-19,Nashik,22.05,35.73,27.08,8.81
2025-06-20,Nashik,20.08,37.02,28.92,11.96
2025-06-21,Nashik,22.03,36.53,28.34,10.78
2025-06-22,Nashik,23.64,35.64,23.59,16.48
2025-06-23,Nashik,24.12,37.0,26.26,18.88
2025-06-24,Nashik,0.06,37.19,28.45,15.22
2025-06-25,Nashik,9.74,33.61,23.14,15.04
2025-06-26,Nashik,26.21,31.99,21.53,15.66
2025-06-27,Nashik,23.7,37.23,23.6,10.11
2025-06-28,Nashik,10.68,36.45,22.59,9.64
2025-06-29,Nashik,16.21,37.97,25.72,16.66
2025-06-30,Nashik,20.87,32.71,25.48,14.44
2025-07-01,Nashik,17.03,38.99,25.61,11.94
2025-07-02,Nashik,14.77,34.39,26.74,16.58
2025-07-03,Nashik,12.3,37.07,27.97,15.82
2025-07-04,Nashik,24.74,36.17,23.33,18.2
2025-07-05,Nashik,5.84,35.75,26.37,13.72
2025-07-06,Nashik,1.65,35.53,24.59,10.67
2025-07-07,Nashik,0.78,33.1,19.33,9.28
2025-07-08,Nashik,17.82,33.64,24.96,15.53
2025-07-09,Nashik,14.13,34.35,23.3,16.15
2025-07-10,Nashik,23.48,34.85,22.82,13.12
2025-07-11,Nashik,18.33,36.12,27.68,15.8
2025-07-12,Nashik,16.18,32.53,23.94,11.36
2025-07-13,Nashik,17.57,36.55,26.87,13.99
2025-07-14,Nashik,25.6,34.22,22.51,11.99
2025-07-15,Nashik,23.59,33.8,23.9,11.31
2025-07-16,Nashik,20.07,36.69,23.03,10.68
2025-07-17,Nashik,18.18,34.34,26.15,13.62
2025-07-18,Nashik,0.06,33.39,25.73,13.47
2025-07-19,Nashik,1.15,35.7,26.27,13.77
2025-07-20,Nashik,1.23,35.12,25.54,16.08
2025-07-21,Nashik,6.82,35.31,22.28,19.13
2025-07-22,Nashik,6.32,33.83,26.39,15.18
2025-07-23,Nashik,18.36,36.71,23.03,15.19
2025-07-24,Nashik,0.56,32.88,21.06,14.44
2025-07-25,Nashik,0.44,34.93,24.92,15.86
2025-07-26,Nashik,7.09,31.66,17.84,10.22
2025-07-27,Nashik,23.03,31.19,17.61,8.22
2025-07-28,Nashik,13.94,32.09,23.4,5.66
2025-07-29,Nashik,9.98,36.13,24.8,14.07
2025-07-30,Nashik,10.68,34.43,26.73,20.06
2025-07-31,Nashik,14.72,29.55,17.75,6.93
2025-08-01,Nashik,22.77,33.17,22.9,12.42
2025-08-02,Nashik,27.42,34.69,24.53,14.07
2025-08-03,Nashik,0.22,32.48,23.3,14.37
2025-08-04,Nashik,0.26,33.39,20.75,18.77
2025-08-05,Nashik,25.68,33.37,19.57,14.72
2025-08-06,Nashik,1.6,31.72,24.01,10.3
2025-08-07,Nashik,13.25,28.89,15.86,12.74
2025-08-08,Nashik,19.98,30.5,22.52,12.36
2025-08-09,Nashik,0.81,32.1,20.68,15.24
2025-08-10,Nashik,0.54,29.15,18.35,14.59
2025-08-11,Nashik,0.42,30.13,22.81,12.6
2025-08-12,Nashik,14.47,32.3,18.84,12.69
2025-08-13,Nashik,12.66,29.17,21.44,10.59
2025-08-14,Nashik,0.43,28.76,16.34,13.24
2025-08-15,Nashik,1.44,29.53,21.26,14.39
2025-08-16,Nashik,1.57,28.13,15.0,12.26
2025-08-17,Nashik,14.84,31.33,17.91,13.17
2025-08-18,Nashik,15.53,31.48,18.63,5.66
2025-08-19,Nashik,8.78,28.9,18.71,15.64
2025-08-20,Nashik,0.96,29.82,19.33,10.72
2025-08-21,Nashik,25.32,23.76,15.0,12.77
2025-08-22,Nashik,15.82,28.37,19.2,13.75
2025-08-23,Nashik,26.55,29.15,20.63,13.27
2025-08-24,Nashik,18.94,26.91,15.0,18.52
2025-08-25,Nashik,20.35,30.33,20.25,11.97
2025-08-26,Nashik,6.74,29.16,19.1,18.35
2025-08-27,Nashik,12.61,26.41,15.0,13.13
2025-08-28,Nashik,0.93,29.95,22.54,20.83
2025-08-29,Nashik,13.1,32.19,20.46,13.43
2025-08-30,Nashik,13.81,26.52,15.65,11.77
2025-08-31,Nashik,0.59,30.42,23.07,10.96
2025-09-01,Nashik,1.37,25.2,15.72,14.63
2025-09-02,Nashik,1.33,28.51,18.46,7.0
2025-09-03,Nashik,1.24,29.55,19.35,17.29
2025-09-04,Nashik,17.41,28.7,20.33,15.64
2025-09-05,Nashik,11.3,31.52,24.38,15.64
2025-09-06,Nashik,21.14,26.4,15.15,10.96
2025-09-07,Nashik,1.55,28.69,19.99,11.16
2025-09-08,Nashik,0.4,29.06,19.97,8.25
2025-09-09,Nashik,1.72,24.04,15.0,14.39
2025-09-10,Nashik,1.48,32.4,23.77,13.32
2025-09-11,Nashik,0.43,29.44,22.37,9.06
2025-09-12,Nashik,0.32,26.56,15.0,14.48
2025-09-13,Nashik,15.42,26.78,15.0,12.89
2025-09-14,Nashik,9.07,25.57,16.76,7.73
2025-09-15,Nashik,8.32,24.94,15.0,15.13
2025-09-16,Nashik,20.86,26.52,15.0,13.61
2025-09-17,Nashik,0.76,27.48,18.56,7.91
2025-09-18,Nashik,15.97,27.0,17.13,11.85
2025-09-19,Nashik,0.74,25.45,15.48,20.04
2025-09-20,Nashik,22.99,26.21,15.34,14.16
2025-09-21,Nashik,0.11,25.91,15.0,14.0
2025-09-22,Nashik,10.4,27.25,17.87,8.61
2025-09-23,Nashik,8.32,21.47,15.0,10.77
2025-09-24,Nashik,19.76,25.13,15.0,10.83
2025-09-25,Nashik,24.96,26.97,19.97,12.45
2025-09-26,Nashik,1.65,25.97,16.59,12.16
2025-09-27,Nashik,13.79,23.91,15.0,16.3
2025-09-28,Nashik,26.49,22.17,15.0,14.23
2025-09-29,Nashik,26.14,25.2,15.0,14.27
2025-09-30,Nashik,10.89,27.05,15.17,11.18
2025-10-01,Nashik,0.0,27.61,16.17,8.96
2025-10-02,Nashik,0.0,22.82,15.0,5.84
2025-10-03,Nashik,0.0,24.74,16.87,8.32
2025-10-04,Nashik,0.05,22.79,15.0,8.9
2025-10-05,Nashik,0.43,23.2,15.51,7.9
2025-10-06,Nashik,0.0,27.01,17.47,10.76
2025-10-07,Nashik,0.0,26.09,16.68,8.13
2025-10-08,Nashik,0.0,25.78,17.86,10.02
2025-10-09,Nashik,0.0,23.6,15.0,15.45
2025-10-10,Nashik,0.0,24.06,15.0,11.55
2025-10-11,Nashik,0.0,25.53,15.0,11.58
2025-10-12,Nashik,1.15,24.73,15.0,10.69
2025-10-13,Nashik,1.26,21.0,15.0,6.82
2025-10-14,Nashik,0.51,24.34,15.0,7.86
2025-10-15,Nashik,0.0,24.73,15.88,11.7
2025-10-16,Nashik,0.0,21.08,15.0,7.99
2025-10-17,Nashik,0.0,21.0,15.0,9.67
2025-10-18,Nashik,0.0,21.79,15.0,11.24
2025-10-19,Nashik,0.0,23.51,15.0,10.18
2025-10-20,Nashik,0.0,25.11,15.0,5.84
2025-10-21,Nashik,0.0,22.81,15.5,2.8
2025-10-22,Nashik,0.27,26.99,19.84,6.99
2025-10-23,Nashik,0.0,28.44,19.0,7.87
2025-10-24,Nashik,0.03,27.66,16.77,4.34
2025-10-25,Nashik,0.0,22.28,15.0,2.0
2025-10-26,Nashik,0.0,25.52,17.58,3.72
2025-10-27,Nashik,0.0,23.42,15.0,7.1
2025-10-28,Nashik,0.0,24.75,16.66,11.33
2025-10-29,Nashik,0.76,21.9,15.0,6.27
2025-10-30,Nashik,1.72,22.2,15.0,15.04
2025-10-31,Nashik,0.0,22.08,15.0,14.36
2025-11-01,Nashik,0.0,21.24,15.0,10.72
2025-11-02,Nashik,0.46,24.09,15.0,2.0
2025-11-03,Nashik,0.0,21.0,15.0,11.66
2025-11-04,Nashik,0.0,26.02,15.0,11.77
2025-11-05,Nashik,0.0,25.16,15.26,10.59
2025-11-06,Nashik,0.0,24.66,15.32,9.75
2025-11-07,Nashik,0.0,21.82,15.0,9.08
2025-11-08,Nashik,0.0,21.52,15.0,10.59
2025-11-09,Nashik,0.0,21.0,15.0,11.79
2025-11-10,Nashik,0.0,24.25,16.11,5.6
2025-11-11,Nashik,0.0,23.21,15.0,8.88
2025-11-12,Nashik,1.95,21.0,15.0,10.18
2025-11-13,Nashik,1.91,21.31,15.0,10.34
2025-11-14,Nashik,0.0,23.96,15.0,9.22
2025-11-15,Nashik,1.86,24.7,15.0,7.95
2025-11-16,Nashik,0.0,26.18,18.72,13.38
2025-11-17,Nashik,1.88,24.37,15.35,13.13
2025-11-18,Nashik,0.0,21.79,15.0,6.87
2025-11-19,Nashik,0.0,21.0,15.0,12.64
2025-11-20,Nashik,0.29,25.23,15.0,10.7
2025-11-21,Nashik,0.0,22.96,15.0,6.11
2025-11-22,Nashik,0.0,22.67,15.0,10.42
2025-11-23,Nashik,0.0,21.25,15.0,7.66
2025-11-24,Nashik,0.0,21.07,15.0,12.07
2025-11-25,Nashik,1.27,22.19,15.0,7.5
2025-11-26,Nashik,0.0,21.79,15.0,6.21
2025-11-27,Nashik,0.0,22.39,15.0,14.19
2025-11-28,Nashik,0.0,21.0,15.0,10.54
2025-11-29,Nashik,0.0,21.0,15.0,8.71
2025-11-30,Nashik,0.0,23.18,15.0,9.15
2025-12-01,Nashik,0.0,24.17,15.0,2.0
2025-12-02,Nashik,0.0,23.9,16.12,10.8
2025-12-03,Nashik,0.36,21.43,15.0,3.14
2025-12-04,Nashik,1.58,21.08,15.0,9.9
2025-12-05,Nashik,0.0,24.86,16.18,12.13
2025-12-06,Nashik,0.0,24.32,16.41,10.27
2025-12-07,Nashik,0.0,22.52,15.0,4.59
2025-12-08,Nashik,0.0,24.48,15.97,8.63
2025-12-09,Nashik,0.0,21.0,15.0,5.44
2025-12-10,Nashik,0.0,25.57,18.36,7.21
2025-12-11,Nashik,0.0,22.33,15.0,13.6
2025-12-12,Nashik,0.0,21.0,15.0,11.21
2025-12-13,Nashik,0.0,24.28,15.0,8.27
2025-12-14,Nashik,0.0,21.0,15.0,8.62
2025-12-15,Nashik,0.55,23.03,15.0,8.07
2025-12-16,Nashik,0.0,23.13,15.0,13.34
2025-12-17,Nashik,0.0,23.07,15.0,8.06
2025-12-18,Nashik,0.0,23.13,15.76,5.49
2025-12-19,Nashik,0.0,23.0,15.0,10.55
2025-12-20,Nashik,0.0,26.23,16.35,7.53
2025-12-21,Nashik,0.0,24.62,15.0,11.41
2025-12-22,Nashik,1.12,23.59,16.43,5.6
2025-12-23,Nashik,1.14,21.86,15.0,4.57
2025-12-24,Nashik,0.0,25.58,15.0,5.37
2025-12-25,Nashik,0.0,22.42,15.0,6.33
2025-12-26,Nashik,0.56,23.56,15.0,9.73
2025-12-27,Nashik,0.0,23.72,15.0,11.13
2025-12-28,Nashik,0.0,22.58,15.0,9.09
2025-12-29,Nashik,0.0,27.55,15.0,7.77
2025-12-30,Nashik,0.0,23.04,15.14,11.81
2025-12-31,Nashik,0.0,25.05,17.34,7.49
2026-01-01,Nashik,0.03,24.69,16.59,9.92
2026-01-02,Nashik,0.0,24.55,15.0,9.76
2026-01-03,Nashik,0.0,26.14,15.0,6.57
2026-01-04,Nashik,1.74,23.31,15.0,10.81
2026-01-05,Nashik,0.17,26.09,15.56,7.66
2026-01-06,Nashik,0.0,26.91,15.0,9.25
2026-01-07,Nashik,0.0,25.91,15.0,7.18
2026-01-08,Nashik,0.0,25.92,17.21,8.95
2026-01-09,Nashik,0.09,24.09,15.0,5.34
2026-01-10,Nashik,0.0,25.88,16.75,8.44
2026-01-11,Nashik,0.0,29.81,20.35,14.58
2026-01-12,Nashik,0.0,24.76,15.0,11.75
2026-01-13,Nashik,0.0,25.06,15.0,6.09
2026-01-14,Nashik,0.59,21.92,15.0,9.98
2026-01-15,Nashik,0.0,25.82,15.0,5.67
2026-01-16,Nashik,0.0,25.89,15.0,11.44
2026-01-17,Nashik,0.0,25.31,15.0,7.3
2026-01-18,Nashik,0.0,27.91,18.66,10.14
2026-01-19,Nashik,0.0,26.19,15.13,8.04
2026-01-20,Nashik,0.0,30.18,18.48,8.85
2026-01-21,Nashik,0.46,26.53,18.3,9.27
2026-01-22,Nashik,0.0,28.17,18.81,10.05
2026-01-23,Nashik,0.0,27.53,19.97,9.88
2026-01-24,Nashik,0.65,28.04,18.68,8.24
2026-01-25,Nashik,0.0,27.0,16.29,10.82
2026-01-26,Nashik,0.0,27.93,19.9,7.63
2026-01-27,Nashik,0.23,26.54,15.0,8.31
2026-01-28,Nashik,1.54,29.87,16.29,10.0
2026-01-29,Nashik,0.13,30.87,19.44,10.4
2026-01-30,Nashik,0.0,25.98,15.0,4.81
2026-01-31,Nashik,0.45,29.99,17.16,5.15
2026-02-01,Nashik,0.96,32.0,24.59,4.19
2026-02-02,Nashik,0.0,26.33,15.42,6.1
2026-02-03,Nashik,0.0,28.21,17.45,11.3
2026-02-04,Nashik,0.0,30.6,19.33,7.73
2026-02-05,Nashik,0.0,25.69,15.92,9.5
2026-02-06,Nashik,0.0,25.8,17.55,9.67
2026-02-07,Nashik,0.0,28.12,18.35,10.86
2026-02-08,Nashik,0.0,32.51,24.18,9.72
2026-02-09,Nashik,0.0,30.8,17.32,8.59
2026-02-10,Nashik,0.0,28.79,20.21,8.72
2026-02-11,Nashik,0.0,31.07,18.6,10.12
2026-02-12,Nashik,0.0,31.29,21.19,6.75
2026-02-13,Nashik,0.0,28.51,16.07,8.25
2026-02-14,Nashik,0.0,27.28,20.1,9.34
2026-02-15,Nashik,0.0,28.59,18.15,14.32
2026-02-16,Nashik,0.0,28.93,15.75,3.81
2026-02-17,Nashik,1.83,30.53,23.35,10.27
2026-02-18,Nashik,0.0,30.8,18.92,8.14
2026-02-19,Nashik,0.0,30.25,23.09,6.38
2026-02-20,Nashik,0.0,28.16,19.08,10.5
2026-02-21,Nashik,0.0,30.0,16.19,10.28
2026-02-22,Nashik,0.0,30.7,20.66,8.28
2026-02-23,Nashik,0.0,29.91,20.21,11.48
2026-02-24,Nashik,1.7,34.03,21.43,12.41
2026-02-25,Nashik,0.22,28.47,18.55,8.04
2026-02-26,Nashik,0.0,31.68,24.23,6.43
2026-02-27,Nashik,0.0,30.19,16.93,10.3
2026-02-28,Nashik,0.0,32.73,23.84,13.0
2026-03-01,Nashik,0.0,30.01,22.6,11.27
2026-03-02,Nashik,1.41,27.59,19.68,13.47
2026-03-03,Nashik,0.0,32.42,23.96,9.74
2026-03-04,Nashik,0.0,29.44,22.14,3.84
2026-03-05,Nashik,0.0,35.0,21.8,10.01
2026-03-06,Nashik,0.0,35.44,24.99,9.74
2026-03-07,Nashik,0.0,32.7,24.54,18.07
2026-03-08,Nashik,0.7,34.05,24.98,11.54
2026-03-09,Nashik,0.0,32.7,24.17,10.8
2026-03-10,Nashik,0.0,32.81,25.23,3.79
2026-03-11,Nashik,0.98,32.58,19.33,4.65
2026-03-12,Nashik,0.0,30.91,21.48,7.62
2026-03-13,Nashik,0.0,31.23,23.82,10.77
2026-03-14,Nashik,0.0,33.03,24.94,13.61
2026-03-15,Nashik,0.0,35.32,25.86,2.75
2026-03-16,Nashik,0.0,34.57,24.6,11.47
2026-03-17,Nashik,0.0,36.32,27.35,12.91
2026-03-18,Nashik,0.0,31.4,18.95,6.75
2026-03-19,Nashik,0.0,35.81,25.4,8.72
2026-03-20,Nashik,0.0,31.97,21.24,11.42
2026-03-21,Nashik,0.0,35.31,23.86,9.19
2026-03-22,Nashik,0.0,33.02,25.3,10.59
2026-03-23,Nashik,0.0,33.64,25.17,7.32
2026-03-24,Nashik,0.0,33.46,21.55,7.33
2026-03-25,Nashik,0.0,35.15,26.68,10.06
2026-03-26,Nashik,0.0,31.5,21.73,5.91
2026-03-27,Nashik,0.0,33.15,23.93,8.5
2026-03-28,Nashik,1.0,31.58,21.29,12.78
2026-03-29,Nashik,0.0,36.02,23.06,12.48
2026-03-30,Nashik,0.0,31.49,17.76,5.45
2026-03-31,Nashik,0.0,34.88,23.95,13.02
2026-04-01,Nashik,0.0,34.12,26.98,7.14
2026-04-02,Nashik,0.0,35.71,22.61,12.54
2026-04-03,Nashik,0.93,35.66,27.38,8.75
2026-04-04,Nashik,0.0,35.55,26.5,10.87
2026-04-05,Nashik,0.36,33.64,24.17,13.02
2026-04-06,Nashik,0.0,39.31,30.0,7.41
2026-04-07,Nashik,0.0,35.7,27.03,13.21
2026-04-08,Nashik,0.0,36.41,27.88,4.95
2026-04-09,Nashik,0.0,36.14,23.4,14.67
2026-04-10,Nashik,0.53,36.41,22.89,10.97
2026-04-11,Nashik,0.0,37.55,29.27,7.72
2026-04-12,Nashik,1.07,36.19,23.12,7.52
2026-04-13,Nashik,0.0,37.19,30.0,9.94
2026-04-14,Nashik,0.0,35.73,24.96,5.12
2026-04-15,Nashik,0.0,37.89,24.82,8.83
2026-04-16,Nashik,1.91,34.8,25.48,6.83
2026-04-17,Nashik,0.0,38.42,30.0,10.79
2026-04-18,Nashik,0.0,38.68,25.31,12.49
2026-04-19,Nashik,0.0,36.48,29.24,10.52
2026-04-20,Nashik,0.0,37.73,24.87,3.42
2026-04-21,Nashik,1.62,33.28,20.42,4.69
2026-04-22,Nashik,0.0,35.99,24.4,12.71
2026-04-23,Nashik,0.0,35.72,21.96,12.65
2026-04-24,Nashik,0.0,39.06,27.11,9.91
2026-04-25,Nashik,0.0,38.51,30.0,10.04
2026-04-26,Nashik,0.0,40.18,30.0,8.19
2026-04-27,Nashik,0.0,36.71,29.04,6.38
2026-04-28,Nashik,0.0,35.75,26.55,4.95
2026-04-29,Nashik,0.0,32.92,19.52,2.76
2026-04-30,Nashik,0.0,38.66,29.67,4.4
2026-05-01,Nashik,1.37,38.41,24.94,11.45
2026-05-02,Nashik,1.58,39.0,28.53,7.16
2026-05-03,Nashik,0.0,36.43,25.28,8.05
2026-05-04,Nashik,0.7,35.16,25.69,7.23
2026-05-05,Nashik,0.0,36.8,23.84,11.26
2026-05-06,Nashik,0.38,38.09,24.19,9.85
2026-05-07,Nashik,1.08,36.95,26.35,4.63
2026-05-08,Nashik,0.0,38.65,26.07,3.78
2026-05-09,Nashik,0.0,37.5,23.94,11.43
2026-05-10,Nashik,0.0,36.75,24.39,8.93
2026-05-11,Nashik,0.0,37.47,25.9,5.02
2026-05-12,Nashik,0.0,36.12,24.63,11.41
2026-05-13,Nashik,0.0,35.2,25.56,8.82
2026-05-14,Nashik,1.18,39.07,30.0,12.62
2026-05-15,Nashik,0.0,38.18,25.74,9.15
2026-05-16,Nashik,0.0,37.01,29.8,5.32
2026-05-17,Nashik,0.0,37.45,26.39,9.06
2026-05-18,Nashik,0.0,37.13,26.13,9.75
2026-05-19,Nashik,0.0,39.68,26.98,11.66
2026-05-20,Nashik,0.0,35.45,22.27,7.61
2026-05-21,Nashik,0.0,37.56,25.33,11.07
2026-05-22,Nashik,0.0,38.26,24.59,8.13
2026-05-23,Nashik,0.0,37.94,28.42,8.5
2026-05-24,Nashik,0.0,39.86,30.0,10.74
2026-05-25,Nashik,0.0,39.37,26.17,9.26
2026-05-26,Nashik,0.0,38.36,24.85,10.57
2026-05-27,Nashik,0.0,37.3,25.61,6.13
2026-05-28,Nashik,0.05,38.29,28.47,6.02
2026-05-29,Nashik,0.0,36.51,26.39,11.24
2026-05-30,Nashik,0.0,38.09,27.25,13.44
2026-05-31,Nashik,0.0,36.58,27.12,12.3
2026-06-01,Nashik,14.83,37.92,25.86,14.09
2026-06-02,Nashik,10.77,38.32,24.51,12.74
2026-06-03,Nashik,12.74,37.52,29.43,13.02
2026-06-04,Nashik,27.2,37.63,24.9,11.17
2026-06-05,Nashik,1.53,36.47,27.61,12.03
2026-06-06,Nashik,10.03,38.01,30.0,11.77
2026-06-07,Nashik,20.26,36.23,27.13,15.78
2026-06-08,Nashik,22.42,38.62,30.0,14.94
2026-06-09,Nashik,1.61,38.29,30.0,11.83
2026-06-10,Nashik,22.34,38.57,28.02,19.05
2026-06-11,Nashik,20.9,37.4,26.13,20.61
2026-06-12,Nashik,7.74,36.47,28.99,16.91
2026-06-13,Nashik,1.35,36.11,28.74,13.34
2026-06-14,Nashik,1.35,36.65,24.06,11.16
2026-06-15,Nashik,1.81,38.23,27.16,9.57
2026-06-16,Nashik,1.83,38.35,27.22,14.27
2026-06-17,Nashik,13.82,35.84,25.96,7.08
2026-06-18,Nashik,25.49,37.53,30.0,9.78
2026-06-19,Nashik,24.74,32.21,23.45,16.29
2026-06-20,Nashik,26.11,33.69,19.87,12.39
2026-06-21,Nashik,6.76,38.37,29.8,13.71
2026-06-22,Nashik,23.73,35.43,25.58,10.39
2026-06-23,Nashik,5.77,36.0,26.45,10.26
2026-06-24,Nashik,1.17,35.44,26.77,13.06
2026-06-25,Nashik,6.94,35.66,23.44,15.64
2026-06-26,Nashik,26.85,31.84,24.15,15.74
2026-06-27,Nashik,19.25,35.13,21.94,11.06
2026-06-28,Nashik,0.33,35.72,21.89,11.91
2026-06-29,Nashik,23.21,36.84,26.38,11.64
2026-06-30,Nashik,0.85,37.69,28.76,13.87
2026-07-01,Nashik,1.13,35.53,24.84,9.64
2026-07-02,Nashik,8.74,34.9,23.36,16.79
2026-07-03,Nashik,0.91,34.21,24.4,9.84
2026-07-04,Nashik,22.29,31.86,22.83,18.53
2026-07-05,Nashik,0.02,34.82,23.95,7.2
2026-07-06,Nashik,20.55,36.48,27.41,13.36
2026-07-07,Nashik,27.27,36.67,26.01,17.28
2026-07-08,Nashik,7.82,34.02,22.27,8.31
2026-07-09,Nashik,6.22,35.23,22.21,21.23
2026-07-10,Nashik,17.76,31.85,18.02,11.51
2026-07-11,Nashik,10.37,32.8,19.11,11.32
2026-07-12,Nashik,21.78,36.19,26.8,16.42
2026-07-13,Nashik,20.62,35.31,27.79,16.65
2026-07-14,Nashik,12.28,35.62,24.14,14.23
2026-07-15,Nashik,1.99,32.08,24.12,13.39
2026-07-16,Nashik,0.7,31.23,18.22,12.77
2026-07-17,Nashik,1.59,34.55,26.04,9.08
2026-07-18,Nashik,11.69,34.42,24.63,15.61
2026-07-19,Nashik,17.09,34.11,25.11,8.99
2026-07-20,Nashik,0.17,31.64,19.28,14.6
2026-07-21,Nashik,10.08,32.01,20.23,12.87
2026-07-22,Nashik,20.63,36.64,27.87,15.1
2026-07-23,Nashik,0.47,32.15,24.02,14.62
2026-07-24,Nashik,6.71,30.81,17.21,12.4
2026-07-25,Nashik,23.61,32.04,23.58,8.59
2026-07-26,Nashik,0.95,31.9,21.41,15.57
2026-07-27,Nashik,0.03,31.83,24.5,9.08
2026-07-28,Nashik,22.35,32.86,24.7,12.96
2026-07-29,Nashik,26.55,32.34,24.5,9.78
2026-07-30,Nashik,1.82,33.82,25.77,7.72
2026-07-31,Nashik,12.25,31.85,19.67,10.72
2026-08-01,Nashik,1.99,30.87,20.39,14.43
2026-08-02,Nashik,18.32,31.47,18.97,12.04
2026-08-03,Nashik,0.95,32.38,19.35,7.52
2026-08-04,Nashik,21.22,30.19,22.59,12.31
2026-08-05,Nashik,0.09,33.3,25.45,13.01
2026-08-06,Nashik,15.64,29.54,17.79,19.0
2026-08-07,Nashik,10.39,29.93,22.9,9.22
2026-08-08,Nashik,24.56,30.7,20.95,12.82
2026-08-09,Nashik,25.73,31.08,17.4,12.55
2026-08-10,Nashik,20.61,30.19,17.33,14.23
2026-08-11,Nashik,11.62,30.73,17.5,9.17
2026-08-12,Nashik,0.14,30.63,19.7,14.65
2026-08-13,Nashik,1.03,32.11,23.04,11.98
2026-08-14,Nashik,0.3,27.6,19.08,15.85
2026-08-15,Nashik,1.02,32.24,21.95,15.07
2026-08-16,Nashik,15.29,31.09,18.99,16.69
2026-08-17,Nashik,16.43,29.04,21.66,14.05
2026-08-18,Nashik,1.08,29.43,17.01,13.74
2026-08-19,Nashik,16.47,29.62,20.18,13.68
2026-08-20,Nashik,7.16,30.81,19.29,12.33
2026-08-21,Nashik,17.1,32.15,23.45,16.37
2026-08-22,Nashik,20.13,29.18,19.47,10.21
2026-08-23,Nashik,0.2,27.32,15.86,14.02
2026-08-24,Nashik,19.2,28.45,18.54,9.7
2026-08-25,Nashik,8.84,30.01,20.35,13.12
2026-08-26,Nashik,24.57,28.8,18.88,13.57
2026-08-27,Nashik,0.38,26.49,15.0,14.54
2026-08-28,Nashik,8.53,27.47,19.23,10.24
2026-08-29,Nashik,0.91,28.54,21.51,8.77
2026-08-30,Nashik,7.19,27.55,20.27,11.37
2026-08-31,Nashik,0.72,30.98,19.89,13.84
2026-09-01,Nashik,8.91,24.7,15.0,10.15
2026-09-02,Nashik,1.35,28.43,15.0,16.36
2026-09-03,Nashik,11.63,28.05,16.3,16.14
2024-08-01,Pune,22.92,34.76,24.38,13.88
2024-08-02,Pune,13.73,29.33,20.86,9.8
2024-08-03,Pune,1.21,30.93,19.04,13.66
2024-08-04,Pune,1.78,29.89,16.8,14.5
2024-08-05,Pune,0.73,34.33,26.46,17.36
2024-08-06,Pune,19.27,29.61,16.82,13.27
2024-08-07,Pune,26.98,33.35,22.76,18.16
2024-08-08,Pune,28.36,31.29,23.58,13.07
2024-08-09,Pune,0.01,34.67,25.79,12.6
2024-08-10,Pune,22.17,30.24,21.8,15.48
2024-08-11,Pune,1.89,32.75,20.3,11.43
2024-08-12,Pune,19.37,31.67,24.45,16.36
2024-08-13,Pune,1.53,31.93,20.84,16.03
2024-08-14,Pune,0.78,30.7,18.91,13.64
2024-08-15,Pune,1.33,30.19,23.16,12.87
2024-08-16,Pune,10.8,30.51,21.09,15.07
2024-08-17,Pune,0.92,26.96,18.03,19.25
2024-08-18,Pune,28.47,33.23,24.89,13.26
2024-08-19,Pune,1.85,30.6,20.12,11.78
2024-08-20,Pune,19.02,32.57,20.58,8.66
2024-08-21,Pune,14.88,28.92,21.39,9.88
2024-08-22,Pune,1.82,30.23,17.07,11.14
2024-08-23,Pune,16.64,29.46,20.81,14.38
2024-08-24,Pune,0.49,30.85,23.25,13.26
2024-08-25,Pune,17.94,30.05,20.52,5.22
2024-08-26,Pune,0.53,31.62,18.22,12.77
2024-08-27,Pune,11.4,29.32,15.88,10.83
2024-08-28,Pune,0.56,31.64,23.27,11.58
2024-08-29,Pune,1.44,30.34,19.11,6.87
2024-08-30,Pune,29.01,30.23,18.8,12.73
2024-08-31,Pune,1.34,28.44,18.56,15.3
2024-09-01,Pune,6.18,26.66,15.08,10.26
2024-09-02,Pune,1.21,26.31,19.27,11.83
2024-09-03,Pune,16.66,28.0,19.16,17.22
2024-09-04,Pune,11.08,28.84,20.52,9.36
2024-09-05,Pune,25.44,29.49,19.07,11.32
2024-09-06,Pune,1.62,27.46,17.66,15.22
2024-09-07,Pune,27.74,27.49,17.15,11.36
2024-09-08,Pune,24.19,27.36,17.07,12.67
2024-09-09,Pune,0.74,28.35,20.36,14.98
2024-09-10,Pune,6.93,23.11,15.0,11.11
2024-09-11,Pune,19.57,27.06,19.94,11.76
2024-09-12,Pune,0.26,26.87,18.35,10.93
2024-09-13,Pune,1.19,29.85,18.06,15.22
2024-09-14,Pune,18.56,24.25,15.0,16.96
2024-09-15,Pune,0.74,27.65,16.56,13.16
2024-09-16,Pune,1.23,26.65,15.0,13.28
2024-09-17,Pune,24.5,24.16,15.0,11.0
2024-09-18,Pune,0.38,28.84,17.17,13.28
2024-09-19,Pune,13.69,26.32,15.1,12.21
2024-09-20,Pune,1.55,26.58,15.0,15.55
2024-09-21,Pune,28.97,28.54,18.38,9.36
2024-09-22,Pune,12.4,30.04,20.74,15.47
2024-09-23,Pune,13.34,21.94,15.0,15.89
2024-09-24,Pune,9.54,28.24,15.08,17.06
2024-09-25,Pune,12.28,26.62,16.7,11.5
2024-09-26,Pune,7.29,28.59,19.51,11.17
2024-09-27,Pune,16.52,23.03,15.67,13.09
2024-09-28,Pune,1.28,27.1,15.0,12.07
2024-09-29,Pune,14.86,26.47,15.0,15.7
2024-09-30,Pune,11.25,22.03,15.0,14.75
2024-10-01,Pune,1.64,25.43,15.0,11.52
2024-10-02,Pune,0.0,26.37,15.0,9.92
2024-10-03,Pune,0.0,23.06,15.0,13.33
2024-10-04,Pune,0.0,27.22,18.62,12.69
2024-10-05,Pune,0.0,21.34,15.0,11.79
2024-10-06,Pune,0.0,27.14,15.0,10.01
2024-10-07,Pune,0.0,24.59,16.93,4.91
2024-10-08,Pune,0.2,25.39,15.0,12.81
2024-10-09,Pune,0.0,26.51,15.0,6.74
2024-10-10,Pune,0.0,24.39,15.0,10.26
2024-10-11,Pune,0.0,28.53,17.72,4.82
2024-10-12,Pune,0.0,25.67,15.0,9.99
2024-10-13,Pune,0.0,26.28,17.28,15.38
2024-10-14,Pune,0.0,26.94,18.32,4.55
2024-10-15,Pune,1.03,26.35,19.23,10.32
2024-10-16,Pune,0.76,24.62,17.33,7.96
2024-10-17,Pune,0.0,25.5,17.53,12.25
2024-10-18,Pune,0.0,22.74,15.0,13.83
2024-10-19,Pune,0.0,25.48,15.0,2.39
2024-10-20,Pune,0.0,24.53,16.0,14.02
2024-10-21,Pune,0.0,22.66,15.0,12.12
2024-10-22,Pune,0.0,24.35,16.21,9.39
2024-10-23,Pune,0.12,25.49,15.0,10.42
2024-10-24,Pune,0.0,23.69,15.0,16.54
2024-10-25,Pune,1.04,22.34,15.0,10.44
2024-10-26,Pune,0.0,26.18,15.0,10.04
2024-10-27,Pune,0.0,23.15,15.0,2.83
2024-10-28,Pune,0.0,25.33,17.73,4.46
2024-10-29,Pune,0.0,24.4,15.92,5.37
2024-10-30,Pune,1.46,22.59,15.46,8.29
2024-10-31,Pune,1.83,22.56,15.0,8.48
2024-11-01,Pune,0.0,22.18,15.0,6.33
2024-11-02,Pune,0.0,24.88,15.0,13.61
2024-11-03,Pune,1.07,22.7,15.0,13.04
2024-11-04,Pune,0.0,25.36,15.0,8.42
2024-11-05,Pune,0.0,25.21,15.0,7.01
2024-11-06,Pune,0.0,23.64,15.0,9.75
2024-11-07,Pune,0.0,21.0,15.0,7.03
2024-11-08,Pune,0.0,25.27,15.0,10.0
2024-11-09,Pune,0.0,24.69,15.0,10.95
2024-11-10,Pune,0.0,25.03,15.0,8.05
2024-11-11,Pune,0.0,24.49,15.0,8.94
2024-11-12,Pune,0.0,23.04,15.0,3.39
2024-11-13,Pune,0.0,25.66,15.0,9.73
2024-11-14,Pune,0.0,21.66,15.0,4.14
2024-11-15,Pune,0.0,24.06,15.35,13.18
2024-11-16,Pune,0.0,22.21,15.0,8.6
2024-11-17,Pune,0.57,24.22,15.0,7.43
2024-11-18,Pune,0.0,23.45,15.0,9.21
2024-11-19,Pune,1.2,23.59,15.0,5.52
2024-11-20,Pune,0.0,24.0,15.0,11.27
2024-11-21,Pune,0.0,22.0,15.0,6.36
2024-11-22,Pune,0.0,26.01,15.41,11.19
2024-11-23,Pune,0.0,21.0,15.0,10.95
2024-11-24,Pune,0.0,21.74,15.0,7.21
2024-11-25,Pune,0.0,23.22,15.0,5.48
2024-11-26,Pune,0.0,21.0,15.0,7.42
2024-11-27,Pune,0.0,25.24,15.0,12.43
2024-11-28,Pune,1.39,23.67,15.2,11.27
2024-11-29,Pune,0.0,24.28,15.0,7.37
2024-11-30,Pune,0.0,23.89,15.0,9.33
2024-12-01,Pune,0.0,23.64,15.81,6.83
2024-12-02,Pune,0.0,24.34,16.04,4.47
2024-12-03,Pune,0.0,24.52,16.15,9.95
2024-12-04,Pune,0.0,24.51,16.27,9.3
2024-12-05,Pune,0.0,26.07,15.0,9.74
2024-12-06,Pune,0.0,24.86,15.0,11.25
2024-12-07,Pune,0.0,27.86,18.03,14.33
2024-12-08,Pune,0.0,26.1,16.25,14.18
2024-12-09,Pune,0.0,23.25,15.0,3.91
2024-12-10,Pune,0.0,21.0,15.0,13.94
2024-12-11,Pune,0.0,21.87,15.0,15.34
2024-12-12,Pune,0.0,24.59,15.01,10.94
2024-12-13,Pune,0.0,22.81,15.0,12.69
2024-12-14,Pune,0.0,21.76,15.0,7.28
2024-12-15,Pune,0.0,22.11,15.0,9.82
2024-12-16,Pune,0.23,24.89,17.2,6.0
2024-12-17,Pune,0.0,25.79,16.38,4.26
2024-12-18,Pune,0.0,25.67,17.08,8.74
2024-12-19,Pune,0.0,25.12,15.64,9.05
2024-12-20,Pune,0.0,26.5,18.64,12.24
2024-12-21,Pune,0.0,23.35,15.0,9.46
2024-12-22,Pune,0.0,24.24,16.56,3.99
2024-12-23,Pune,0.0,25.75,15.0,7.59
2024-12-24,Pune,0.0,26.91,15.0,11.52
2024-12-25,Pune,1.14,23.64,15.0,9.38
2024-12-26,Pune,0.0,27.26,15.0,10.86
2024-12-27,Pune,0.0,21.26,15.0,14.88
2024-12-28,Pune,0.06,26.1,15.0,10.63
2024-12-29,Pune,0.0,24.26,15.0,9.7
2024-12-30,Pune,0.0,21.57,15.0,9.58
2024-12-31,Pune,0.0,24.61,15.66,5.25
2025-01-01,Pune,0.0,25.82,15.0,6.59
2025-01-02,Pune,0.0,25.54,15.0,3.81
2025-01-03,Pune,0.0,24.96,15.23,9.5
2025-01-04,Pune,0.0,25.43,15.0,14.64
2025-01-05,Pune,0.81,28.46,21.02,8.31
2025-01-06,Pune,0.0,24.31,15.0,8.7
2025-01-07,Pune,0.0,25.81,15.0,6.15
2025-01-08,Pune,0.0,25.37,15.0,7.35
2025-01-09,Pune,0.0,26.46,18.13,8.31
2025-01-10,Pune,1.18,25.24,16.01,9.95
2025-01-11,Pune,0.0,25.28,15.0,7.63
2025-01-12,Pune,0.1,29.56,21.7,10.19
2025-01-13,Pune,0.0,24.55,15.0,7.59
2025-01-14,Pune,0.0,27.32,15.0,8.53
2025-01-15,Pune,0.0,30.16,21.92,3.43
2025-01-16,Pune,0.68,24.18,15.0,10.67
2025-01-17,Pune,0.0,26.81,15.0,18.88
2025-01-18,Pune,0.0,26.94,17.73,13.2
2025-01-19,Pune,0.0,25.19,17.66,8.38
2025-01-20,Pune,0.0,24.99,15.0,7.57
2025-01-21,Pune,0.0,26.8,15.0,6.7
2025-01-22,Pune,0.0,25.42,16.38,10.81
2025-01-23,Pune,0.0,27.71,15.5,5.87
2025-01-24,Pune,0.0,27.54,15.0,3.4
2025-01-25,Pune,0.5,29.77,18.81,3.18
2025-01-26,Pune,0.0,27.81,17.15,7.96
2025-01-27,Pune,0.0,25.17,15.0,12.91
2025-01-28,Pune,0.26,24.27,16.74,10.64
2025-01-29,Pune,0.0,29.75,17.78,8.82
2025-01-30,Pune,0.0,29.65,18.91,7.47
2025-01-31,Pune,0.0,28.88,19.38,7.56
2025-02-01,Pune,0.34,26.79,15.0,6.4
2025-02-02,Pune,1.06,29.87,16.51,11.07
2025-02-03,Pune,1.59,29.52,16.47,9.01
2025-02-04,Pune,0.0,26.65,15.0,8.44
2025-02-05,Pune,0.0,28.69,20.69,2.0
2025-02-06,Pune,0.0,28.32,15.71,9.13
2025-02-07,Pune,0.0,33.11,22.05,12.0
2025-02-08,Pune,0.0,27.32,18.89,5.28
2025-02-09,Pune,0.0,26.94,17.94,6.05
2025-02-10,Pune,0.0,34.17,22.2,9.94
2025-02-11,Pune,1.74,29.95,22.89,11.06
2025-02-12,Pune,1.88,26.73,17.33,8.34
2025-02-13,Pune,0.0,33.14,19.18,5.58
2025-02-14,Pune,0.0,34.02,26.14,8.78
2025-02-15,Pune,0.0,29.63,18.61,10.86
2025-02-16,Pune,0.0,29.38,19.33,4.43
2025-02-17,Pune,1.73,30.83,19.55,5.37
2025-02-18,Pune,0.0,30.56,20.92,7.67
2025-02-19,Pune,0.0,32.54,19.86,8.83
2025-02-20,Pune,0.0,31.42,19.53,5.99
2025-02-21,Pune,0.0,31.93,20.95,15.66
2025-02-22,Pune,0.0,30.61,17.04,12.51
2025-02-23,Pune,0.0,29.77,17.07,10.57
2025-02-24,Pune,1.04,33.35,25.19,10.45
2025-02-25,Pune,0.0,34.04,22.35,3.31
2025-02-26,Pune,0.0,33.62,20.54,10.96
2025-02-27,Pune,0.0,29.47,16.78,8.85
2025-02-28,Pune,0.0,32.76,21.36,4.53
2025-03-01,Pune,0.0,31.98,19.26,11.03
2025-03-02,Pune,0.0,35.09,27.86,8.72
2025-03-03,Pune,1.44,30.38,19.15,6.7
2025-03-04,Pune,1.74,29.91,16.18,9.81
2025-03-05,Pune,0.3,31.31,22.66,13.83
2025-03-06,Pune,0.0,32.84,25.02,6.39
2025-03-07,Pune,0.0,31.21,17.43,9.21
2025-03-08,Pune,0.0,35.81,23.16,9.45
2025-03-09,Pune,0.54,29.39,21.75,8.11
2025-03-10,Pune,0.0,31.62,21.33,5.29
2025-03-11,Pune,0.0,32.61,21.86,11.63
2025-03-12,Pune,0.0,31.06,17.09,4.73
2025-03-13,Pune,1.96,35.62,27.15,10.15
2025-03-14,Pune,0.14,32.59,19.31,9.1
2025-03-15,Pune,0.0,33.73,26.37,4.83
2025-03-16,Pune,0.0,32.71,22.14,10.91
2025-03-17,Pune,0.0,36.82,22.98,8.59
2025-03-18,Pune,0.0,32.76,23.05,7.17
2025-03-19,Pune,1.55,33.3,22.62,7.86
2025-03-20,Pune,0.0,35.64,22.3,13.0
2025-03-21,Pune,0.0,32.38,24.73,7.12
2025-03-22,Pune,0.0,34.68,21.98,5.99
2025-03-23,Pune,0.0,31.39,18.0,8.49
2025-03-24,Pune,0.0,34.75,25.77,2.0
2025-03-25,Pune,0.0,34.08,21.61,7.07
2025-03-26,Pune,0.0,37.42,25.75,8.57
2025-03-27,Pune,0.0,37.91,30.0,10.05
2025-03-28,Pune,0.0,36.58,24.25,15.92
2025-03-29,Pune,0.09,37.06,25.12,7.3
2025-03-30,Pune,0.0,35.3,26.21,10.59
2025-03-31,Pune,0.0,34.23,25.73,9.23
2025-04-01,Pune,1.2,35.15,22.46,9.09
2025-04-02,Pune,0.32,33.68,20.35,7.42
2025-04-03,Pune,0.0,37.13,25.39,9.39
2025-04-04,Pune,0.0,34.68,27.21,15.07
2025-04-05,Pune,0.0,34.83,21.11,8.42
2025-04-06,Pune,0.0,33.68,25.03,8.6
2025-04-07,Pune,0.0,35.38,25.47,7.78
2025-04-08,Pune,0.75,37.22,23.88,18.5
2025-04-09,Pune,0.0,37.34,28.29,13.13
2025-04-10,Pune,0.0,38.22,27.54,6.76
2025-04-11,Pune,0.0,38.07,27.98,9.03
2025-04-12,Pune,0.0,37.9,25.52,9.97
2025-04-13,Pune,0.0,36.85,26.27,4.6
2025-04-14,Pune,1.45,38.8,25.39,9.5
2025-04-15,Pune,1.56,38.43,30.0,11.11
2025-04-16,Pune,0.0,38.29,28.85,11.38
2025-04-17,Pune,0.0,35.61,25.11,12.27
2025-04-18,Pune,1.57,35.93,27.14,9.89
2025-04-19,Pune,0.0,36.2,27.81,12.23
2025-04-20,Pune,0.51,37.09,25.71,12.98
2025-04-21,Pune,0.0,37.17,25.89,3.15
2025-04-22,Pune,0.0,37.1,29.14,9.13
2025-04-23,Pune,0.0,37.4,28.82,5.76
2025-04-24,Pune,0.0,37.87,29.24,11.76
2025-04-25,Pune,0.86,39.1,29.62,8.65
2025-04-26,Pune,0.0,38.91,26.98,10.18
2025-04-27,Pune,0.0,38.73,30.0,4.93
2025-04-28,Pune,0.0,37.95,26.84,7.71
2025-04-29,Pune,1.5,40.85,30.0,5.02
2025-04-30,Pune,0.0,38.66,28.42,8.32
2025-05-01,Pune,0.0,35.36,23.24,12.81
2025-05-02,Pune,0.0,38.26,25.33,10.27
2025-05-03,Pune,0.0,40.01,26.5,11.5
2025-05-04,Pune,0.0,40.42,30.0,6.76
2025-05-05,Pune,1.19,35.11,23.23,8.67
2025-05-06,Pune,1.32,34.32,26.27,9.95
2025-05-07,Pune,0.0,39.96,28.5,9.58
2025-05-08,Pune,0.0,35.82,22.95,12.1
2025-05-09,Pune,0.0,39.07,30.0,13.27
2025-05-10,Pune,0.0,38.32,30.0,10.34
2025-05-11,Pune,0.0,40.09,28.87,12.92
2025-05-12,Pune,0.4,38.79,29.53,4.42
2025-05-13,Pune,0.24,38.92,28.67,8.75
2025-05-14,Pune,0.0,35.01,23.41,5.96
2025-05-15,Pune,1.22,39.01,28.19,8.59
2025-05-16,Pune,1.32,41.04,29.48,9.75
2025-05-17,Pune,0.0,38.84,25.07,6.01
2025-05-18,Pune,0.0,37.25,25.72,9.54
2025-05-19,Pune,0.0,37.81,26.97,11.19
2025-05-20,Pune,0.0,35.89,24.64,4.52
2025-05-21,Pune,0.56,38.32,30.0,3.49
2025-05-22,Pune,0.0,37.66,24.67,13.27
2025-05-23,Pune,0.0,37.12,27.29,11.66
2025-05-24,Pune,1.93,39.19,28.06,7.78
2025-05-25,Pune,0.0,40.45,27.4,14.64
2025-05-26,Pune,0.0,34.42,22.45,6.74
2025-05-27,Pune,0.0,38.94,30.0,8.65
2025-05-28,Pune,0.0,36.6,22.8,9.01
2025-05-29,Pune,0.0,36.67,23.15,9.72
2025-05-30,Pune,0.0,38.44,30.0,6.99
2025-05-31,Pune,0.0,36.77,24.63,9.62
2025-06-01,Pune,0.73,40.23,26.54,13.73
2025-06-02,Pune,15.71,38.01,24.47,18.06
2025-06-03,Pune,8.23,35.93,27.46,14.9
2025-06-04,Pune,29.02,37.95,24.69,11.26
2025-06-05,Pune,25.0,38.21,24.68,13.54
2025-06-06,Pune,0.43,37.15,28.78,13.42
2025-06-07,Pune,28.3,36.77,25.97,13.17
2025-06-08,Pune,11.13,39.78,30.0,8.89
2025-06-09,Pune,1.05,39.11,29.54,15.33
2025-06-10,Pune,17.94,39.45,30.0,14.07
2025-06-11,Pune,0.6,37.56,24.41,12.07
2025-06-12,Pune,0.49,38.09,26.26,8.84
2025-06-13,Pune,16.54,39.49,27.17,16.42
2025-06-14,Pune,26.8,38.22,26.34,9.55
2025-06-15,Pune,9.35,41.31,30.0,12.17
2025-06-16,Pune,13.03,36.34,25.48,14.59
2025-06-17,Pune,28.42,37.15,25.04,19.21
2025-06-18,Pune,10.87,36.04,24.82,14.47
2025-06-19,Pune,1.51,40.15,30.0,8.09
2025-06-20,Pune,0.38,37.06,26.09,12.1
2025-06-21,Pune,20.19,36.42,26.79,13.54
2025-06-22,Pune,24.9,35.6,26.8,11.0
2025-06-23,Pune,0.85,38.24,26.98,16.93
2025-06-24,Pune,0.33,35.27,23.41,11.42
2025-06-25,Pune,17.5,32.82,19.98,12.75
2025-06-26,Pune,11.01,36.18,26.26,7.85
2025-06-27,Pune,26.03,37.09,29.02,15.73
2025-06-28,Pune,11.16,40.1,30.0,12.45
2025-06-29,Pune,29.4,35.38,24.72,18.68
2025-06-30,Pune,15.57,37.05,25.8,10.55
2025-07-01,Pune,0.48,37.62,29.85,9.67
2025-07-02,Pune,21.05,35.7,21.73,19.36
2025-07-03,Pune,14.57,37.13,25.44,14.74
2025-07-04,Pune,8.57,38.4,27.28,15.45
2025-07-05,Pune,8.63,33.12,22.18,12.54
2025-07-06,Pune,0.37,35.46,26.52,13.91
2025-07-07,Pune,1.46,37.09,28.4,17.34
2025-07-08,Pune,1.16,35.8,25.34,13.53
2025-07-09,Pune,0.5,37.71,24.5,13.86
2025-07-10,Pune,0.96,35.35,24.55,13.63
2025-07-11,Pune,12.11,36.17,28.38,15.26
2025-07-12,Pune,6.74,33.24,25.77,15.32
2025-07-13,Pune,26.29,32.25,24.14,10.44
2025-07-14,Pune,0.9,31.83,17.86,14.76
2025-07-15,Pune,0.36,36.21,26.25,12.97
2025-07-16,Pune,1.97,34.42,26.0,12.9
2025-07-17,Pune,1.5,36.99,26.59,13.51
2025-07-18,Pune,1.8,34.55,20.76,17.38
2025-07-19,Pune,12.45,32.14,22.72,8.13
2025-07-20,Pune,1.32,35.59,28.22,11.11
2025-07-21,Pune,16.42,34.21,24.05,12.99
2025-07-22,Pune,1.25,36.08,22.7,12.53
2025-07-23,Pune,1.14,34.04,26.98,8.8
2025-07-24,Pune,25.3,33.59,22.3,22.18
2025-07-25,Pune,22.01,35.41,27.25,8.14
2025-07-26,Pune,22.23,35.95,24.95,15.89
2025-07-27,Pune,27.47,34.31,22.22,15.6
2025-07-28,Pune,18.72,32.22,22.97,9.68
2025-07-29,Pune,12.19,33.34,19.49,12.06
2025-07-30,Pune,24.21,33.72,19.9,16.61
2025-07-31,Pune,0.3,29.88,17.46,13.05
2025-08-01,Pune,0.12,32.9,23.37,10.08
2025-08-02,Pune,0.27,34.84,22.86,11.91
2025-08-03,Pune,19.96,31.24,18.02,13.57
2025-08-04,Pune,20.25,32.48,22.04,14.98
2025-08-05,Pune,24.38,35.21,25.6,11.89
2025-08-06,Pune,1.71,32.57,25.54,12.14
2025-08-07,Pune,11.29,32.84,22.09,12.47
2025-08-08,Pune,0.57,32.61,24.63,6.56
2025-08-09,Pune,19.05,35.23,21.49,9.16
2025-08-10,Pune,19.93,34.77,26.2,17.08
2025-08-11,Pune,1.55,28.76,18.46,11.21
2025-08-12,Pune,23.71,31.65,24.0,12.33
2025-08-13,Pune,0.03,31.06,20.73,17.73
2025-08-14,Pune,9.38,30.39,16.53,20.41
2025-08-15,Pune,1.06,28.51,18.27,8.7
2025-08-16,Pune,16.87,30.63,20.37,6.15
2025-08-17,Pune,0.65,32.51,24.96,12.01
2025-08-18,Pune,0.35,32.72,23.51,13.37
2025-08-19,Pune,27.48,32.65,22.1,10.86
2025-08-20,Pune,0.6,27.0,15.0,10.81
2025-08-21,Pune,8.97,27.7,15.0,14.61
2025-08-22,Pune,26.1,29.25,19.83,16.53
2025-08-23,Pune,24.93,32.68,23.48,11.29
2025-08-24,Pune,11.64,31.67,23.04,18.17
2025-08-25,Pune,14.07,31.54,18.7,13.04
2025-08-26,Pune,0.78,31.45,21.98,14.02
2025-08-27,Pune,1.46,26.7,19.17,12.29
2025-08-28,Pune,20.3,29.76,16.29,12.42
2025-08-29,Pune,0.74,30.51,22.78,14.46
2025-08-30,Pune,1.65,26.41,19.04,12.73
2025-08-31,Pune,27.98,30.13,20.24,10.1
2025-09-01,Pune,25.06,30.24,19.42,9.56
2025-09-02,Pune,28.92,28.23,17.47,7.75
2025-09-03,Pune,10.32,29.36,17.63,10.72
2025-09-04,Pune,16.1,32.25,21.36,13.44
2025-09-05,Pune,28.7,27.06,18.16,10.65
2025-09-06,Pune,29.14,27.94,17.46,14.87
2025-09-07,Pune,0.32,28.1,19.25,10.42
2025-09-08,Pune,27.57,31.56,18.33,8.83
2025-09-09,Pune,9.39,28.65,16.31,16.64
2025-09-10,Pune,24.4,26.77,15.0,12.01
2025-09-11,Pune,24.86,28.72,19.43,15.26
2025-09-12,Pune,0.22,25.78,17.55,14.8
2025-09-13,Pune,23.34,25.61,17.28,9.07
2025-09-14,Pune,0.26,27.6,18.65,10.07
2025-09-15,Pune,0.64,28.05,19.13,13.1
2025-09-16,Pune,13.17,23.72,15.0,13.79
2025-09-17,Pune,8.6,28.06,17.58,11.97
2025-09-18,Pune,27.28,30.14,16.79,12.04
2025-09-19,Pune,0.37,26.18,15.0,15.62
2025-09-20,Pune,1.35,28.44,20.17,18.38
2025-09-21,Pune,19.35,27.04,17.31,11.56
2025-09-22,Pune,28.33,25.58,17.22,14.64
2025-09-23,Pune,16.86,26.89,19.32,12.27
2025-09-24,Pune,0.92,25.02,15.0,15.98
2025-09-25,Pune,6.56,25.34,17.06,16.58
2025-09-26,Pune,19.58,28.88,18.96,12.9
2025-09-27,Pune,24.01,25.36,18.16,8.81
2025-09-28,Pune,26.52,25.29,15.0,9.09
2025-09-29,Pune,29.35,26.14,15.0,10.84
2025-09-30,Pune,25.1,28.25,19.86,12.91
2025-10-01,Pune,0.0,25.33,15.0,14.14
2025-10-02,Pune,0.0,25.66,15.0,6.98
2025-10-03,Pune,0.98,27.94,16.66,11.26
2025-10-04,Pune,0.14,23.95,15.0,11.01
2025-10-05,Pune,0.0,27.24,15.31,10.75
2025-10-06,Pune,0.0,27.98,19.14,4.97
2025-10-07,Pune,0.0,23.38,15.0,7.46
2025-10-08,Pune,0.0,22.19,15.0,9.18
2025-10-09,Pune,1.17,22.32,15.0,14.17
2025-10-10,Pune,0.0,22.7,15.0,7.5
2025-10-11,Pune,0.0,24.38,15.39,13.59
2025-10-12,Pune,0.0,23.02,15.0,2.0
2025-10-13,Pune,1.49,25.33,17.75,9.29
2025-10-14,Pune,0.0,25.68,15.0,9.37
2025-10-15,Pune,0.0,21.0,15.0,9.36
2025-10-16,Pune,0.51,23.79,15.0,11.58
2025-10-17,Pune,0.0,24.53,15.0,8.59
2025-10-18,Pune,0.0,24.76,15.18,3.75
2025-10-19,Pune,0.0,21.44,15.0,8.63
2025-10-20,Pune,1.51,24.16,15.0,7.48
2025-10-21,Pune,0.3,23.27,15.62,9.15
2025-10-22,Pune,0.0,26.7,15.0,6.81
2025-10-23,Pune,0.0,23.57,15.0,10.06
2025-10-24,Pune,0.0,21.66,15.0,9.11
2025-10-25,Pune,0.0,22.01,15.0,8.03
2025-10-26,Pune,0.0,24.68,15.0,8.78
2025-10-27,Pune,0.0,21.59,15.0,6.11
2025-10-28,Pune,0.0,21.0,15.0,9.09
2025-10-29,Pune,0.0,24.11,15.0,13.83
2025-10-30,Pune,0.0,24.74,15.0,6.65
2025-10-31,Pune,0.0,25.01,15.0,6.59
2025-11-01,Pune,1.81,22.49,15.0,5.43
2025-11-02,Pune,0.0,23.96,15.62,9.9
2025-11-03,Pune,0.0,24.72,16.77,5.54
2025-11-04,Pune,0.0,24.89,15.0,16.19
2025-11-05,Pune,0.0,24.31,15.0,4.49
2025-11-06,Pune,0.0,21.76,15.0,2.0
2025-11-07,Pune,0.98,21.0,15.0,4.05
2025-11-08,Pune,1.58,22.34,15.0,4.27
2025-11-09,Pune,0.0,21.75,15.0,12.2
2025-11-10,Pune,0.0,22.41,15.0,11.6
2025-11-11,Pune,0.0,23.3,15.73,5.5
2025-11-12,Pune,1.83,23.79,15.0,10.45
2025-11-13,Pune,0.52,22.26,15.0,8.55
2025-11-14,Pune,0.0,21.0,15.0,13.19
2025-11-15,Pune,0.69,25.53,18.0,11.37
2025-11-16,Pune,0.0,24.72,15.34,9.56
2025-11-17,Pune,0.0,22.36,15.0,9.94
2025-11-18,Pune,0.04,21.73,15.0,13.79
2025-11-19,Pune,0.0,22.46,15.0,11.26
2025-11-20,Pune,0.0,24.25,15.0,10.58
2025-11-21,Pune,0.0,23.84,15.66,6.88
2025-11-22,Pune,0.0,27.16,15.8,11.71
2025-11-23,Pune,0.0,21.0,15.0,11.65
2025-11-24,Pune,0.0,24.36,15.0,6.92
2025-11-25,Pune,0.37,21.84,15.0,6.69
2025-11-26,Pune,0.0,21.36,15.0,5.12
2025-11-27,Pune,0.0,21.63,15.0,12.72
2025-11-28,Pune,0.0,22.26,15.0,10.57
2025-11-29,Pune,1.05,21.84,15.0,8.24
2025-11-30,Pune,0.0,23.53,15.0,5.37
2025-12-01,Pune,1.38,23.87,15.0,13.12
2025-12-02,Pune,0.0,23.01,15.38,8.5
2025-12-03,Pune,0.0,21.0,15.0,12.71
2025-12-04,Pune,0.0,24.83,15.0,9.35
2025-12-05,Pune,0.0,24.09,16.74,8.22
2025-12-06,Pune,0.0,24.76,15.0,8.74
2025-12-07,Pune,0.0,24.35,15.0,11.67
2025-12-08,Pune,0.0,24.56,15.86,11.83
2025-12-09,Pune,0.44,24.51,16.4,9.65
2025-12-10,Pune,0.0,22.9,15.0,7.82
2025-12-11,Pune,0.0,22.48,15.0,9.55
2025-12-12,Pune,0.0,22.99,15.0,12.98
2025-12-13,Pune,1.66,24.64,17.41,13.71
2025-12-14,Pune,1.0,25.16,15.0,8.15
2025-12-15,Pune,0.0,26.12,15.0,13.73
2025-12-16,Pune,0.0,21.58,15.0,4.98
2025-12-17,Pune,1.55,21.0,15.0,21.6
2025-12-18,Pune,0.0,24.36,15.0,6.67
2025-12-19,Pune,0.0,21.87,15.0,11.46
2025-12-20,Pune,0.0,26.81,16.53,9.47
2025-12-21,Pune,1.1,24.13,15.0,5.3
2025-12-22,Pune,0.55,24.7,15.0,5.61
2025-12-23,Pune,0.0,24.31,15.0,9.11
2025-12-24,Pune,1.3,22.15,15.0,4.75
2025-12-25,Pune,0.0,26.88,17.69,10.49
2025-12-26,Pune,0.0,27.25,15.0,14.35
2025-12-27,Pune,0.0,26.16,18.13,2.62
2025-12-28,Pune,0.0,23.72,15.0,4.6
2025-12-29,Pune,0.0,23.49,15.0,9.76
2025-12-30,Pune,0.0,27.13,15.68,3.08
2025-12-31,Pune,0.0,25.77,15.0,7.41
2026-01-01,Pune,0.0,26.24,18.87,6.81
2026-01-02,Pune,0.04,22.95,15.0,8.2
2026-01-03,Pune,0.0,26.04,15.74,7.69
2026-01-04,Pune,0.0,24.48,15.0,8.64
2026-01-05,Pune,0.0,23.15,15.0,14.42
2026-01-06,Pune,0.87,24.7,17.3,9.31
2026-01-07,Pune,0.0,25.0,15.0,13.49
2026-01-08,Pune,0.0,26.48,15.0,5.04
2026-01-09,Pune,1.62,26.05,15.34,9.62
2026-01-10,Pune,0.0,25.43,18.14,13.69
2026-01-11,Pune,0.0,25.65,15.0,8.51
2026-01-12,Pune,1.53,21.71,15.0,14.67
2026-01-13,Pune,0.0,25.01,15.0,7.69
2026-01-14,Pune,0.0,28.8,19.27,3.6
2026-01-15,Pune,0.0,22.84,15.2,10.95
2026-01-16,Pune,1.01,25.75,16.76,9.39
2026-01-17,Pune,0.0,26.86,16.1,5.39
2026-01-18,Pune,0.0,29.83,16.66,3.51
2026-01-19,Pune,0.0,27.55,15.0,5.96
2026-01-20,Pune,0.0,29.13,20.05,13.76
2026-01-21,Pune,0.0,28.53,21.21,3.5
2026-01-22,Pune,1.9,28.23,20.06,8.59
2026-01-23,Pune,0.0,26.91,15.0,6.74
2026-01-24,Pune,0.0,26.87,16.32,4.43
2026-01-25,Pune,0.0,26.16,16.67,9.24
2026-01-26,Pune,0.0,27.77,19.04,15.06
2026-01-27,Pune,0.0,28.8,20.25,8.73
2026-01-28,Pune,0.0,26.28,15.0,4.27
2026-01-29,Pune,0.0,26.06,16.41,9.25
2026-01-30,Pune,0.0,28.66,18.87,8.6
2026-01-31,Pune,0.0,28.11,15.0,2.0
2026-02-01,Pune,0.76,27.19,19.27,9.81
2026-02-02,Pune,0.0,28.29,16.15,10.03
2026-02-03,Pune,0.0,31.09,19.72,9.74
2026-02-04,Pune,0.0,31.65,22.48,10.65
2026-02-05,Pune,0.0,28.08,18.44,9.06
2026-02-06,Pune,0.0,30.75,18.13,11.81
2026-02-07,Pune,0.0,28.58,19.21,4.11
2026-02-08,Pune,0.5,28.04,15.0,13.36
2026-02-09,Pune,1.1,30.5,17.85,2.0
2026-02-10,Pune,0.0,27.97,18.67,6.94
2026-02-11,Pune,0.0,28.07,16.68,6.55
2026-02-12,Pune,0.0,31.35,20.27,8.5
2026-02-13,Pune,0.0,30.26,19.05,9.33
2026-02-14,Pune,0.0,30.9,19.84,8.12
2026-02-15,Pune,0.0,27.57,19.95,7.06
2026-02-16,Pune,0.1,31.87,24.39,13.54
2026-02-17,Pune,0.0,29.4,21.58,7.89
2026-02-18,Pune,0.0,26.78,17.56,10.95
2026-02-19,Pune,0.0,30.88,19.65,8.16
2026-02-20,Pune,0.0,34.02,22.65,12.34
2026-02-21,Pune,1.69,26.91,15.0,2.0
2026-02-22,Pune,0.0,30.75,19.41,9.84
2026-02-23,Pune,0.0,28.86,18.85,6.51
2026-02-24,Pune,1.57,30.92,20.83,14.75
2026-02-25,Pune,0.0,28.84,19.46,8.59
2026-02-26,Pune,0.0,31.47,23.42,10.36
2026-02-27,Pune,0.0,30.6,19.49,13.66
2026-02-28,Pune,0.0,32.98,22.32,12.22
2026-03-01,Pune,0.12,32.6,23.06,5.34
2026-03-02,Pune,0.0,32.08,20.96,12.67
2026-03-03,Pune,0.0,31.5,22.45,7.3
2026-03-04,Pune,0.0,31.24,21.42,12.74
2026-03-05,Pune,0.67,31.73,21.75,6.36
2026-03-06,Pune,0.0,32.42,20.0,14.48
2026-03-07,Pune,0.0,34.48,23.08,6.83
2026-03-08,Pune,0.0,32.79,21.12,14.55
2026-03-09,Pune,0.0,35.23,25.28,10.08
2026-03-10,Pune,0.0,34.6,22.07,9.09
2026-03-11,Pune,0.0,33.58,26.52,7.62
2026-03-12,Pune,0.0,33.8,20.95,10.7
2026-03-13,Pune,0.0,39.31,30.0,3.99
2026-03-14,Pune,0.0,30.76,22.92,9.97
2026-03-15,Pune,0.0,33.93,26.14,8.15
2026-03-16,Pune,1.81,28.55,17.46,11.84
2026-03-17,Pune,0.0,39.53,30.0,11.56
2026-03-18,Pune,0.0,36.96,26.13,12.2
2026-03-19,Pune,0.0,36.19,25.27,11.5
2026-03-20,Pune,0.97,31.59,22.74,9.19
2026-03-21,Pune,0.0,35.65,23.87,6.52
2026-03-22,Pune,0.0,31.7,22.98,2.52
2026-03-23,Pune,0.0,35.69,25.0,6.95
2026-03-24,Pune,0.0,33.54,22.98,7.56
2026-03-25,Pune,0.31,33.1,21.06,16.25
2026-03-26,Pune,0.0,36.7,24.82,11.4
2026-03-27,Pune,0.0,34.71,25.6,12.84
2026-03-28,Pune,1.7,36.23,25.68,4.75
2026-03-29,Pune,0.0,38.51,27.95,12.84
2026-03-30,Pune,1.26,32.78,24.2,11.2
2026-03-31,Pune,0.0,33.96,25.28,10.57
2026-04-01,Pune,0.0,35.42,27.68,3.16
2026-04-02,Pune,0.0,35.87,24.54,9.74
2026-04-03,Pune,0.0,34.43,23.75,9.66
2026-04-04,Pune,0.0,40.57,28.22,12.63
2026-04-05,Pune,0.0,37.24,24.75,14.45
2026-04-06,Pune,0.0,35.07,21.28,7.0
2026-04-07,Pune,0.0,37.05,25.73,6.36
2026-04-08,Pune,0.0,36.17,27.94,14.55
2026-04-09,Pune,0.24,35.44,25.54,7.49
2026-04-10,Pune,1.44,35.74,23.78,12.99
2026-04-11,Pune,0.0,40.05,30.0,11.04
2026-04-12,Pune,1.31,37.03,24.83,8.01
2026-04-13,Pune,0.64,34.51,23.02,9.02
2026-04-14,Pune,0.0,36.62,26.32,7.79
2026-04-15,Pune,0.0,36.54,27.38,10.6
2026-04-16,Pune,0.0,37.91,24.13,5.59
2026-04-17,Pune,0.0,35.57,25.36,11.02
2026-04-18,Pune,1.95,38.53,24.59,10.63
2026-04-19,Pune,1.86,37.3,24.88,7.8
2026-04-20,Pune,0.0,36.05,22.54,8.91
2026-04-21,Pune,0.0,39.87,27.66,4.16
2026-04-22,Pune,0.0,35.1,24.48,6.71
2026-04-23,Pune,0.55,39.76,30.0,10.49
2026-04-24,Pune,0.0,37.01,29.89,5.81
2026-04-25,Pune,0.0,37.55,26.34,9.88
2026-04-26,Pune,1.6,38.83,26.24,12.88
2026-04-27,Pune,1.19,36.88,28.02,7.94
2026-04-28,Pune,0.0,41.67,30.0,6.89
2026-04-29,Pune,0.0,37.34,24.58,11.97
2026-04-30,Pune,0.4,40.94,29.95,11.46
2026-05-01,Pune,0.0,33.12,25.28,11.3
2026-05-02,Pune,0.0,39.19,28.66,16.86
2026-05-03,Pune,0.0,36.87,25.61,2.35
2026-05-04,Pune,0.39,35.48,27.54,8.18
2026-05-05,Pune,0.0,37.08,25.56,13.1
2026-05-06,Pune,1.27,36.17,26.32,9.51
2026-05-07,Pune,0.78,38.26,26.0,10.82
2026-05-08,Pune,0.0,38.4,25.66,7.3
2026-05-09,Pune,1.02,36.41,25.92,2.0
2026-05-10,Pune,0.0,38.08,28.05,2.46
2026-05-11,Pune,0.0,35.82,27.88,13.28
2026-05-12,Pune,0.43,37.04,27.96,12.29
2026-05-13,Pune,0.0,36.12,27.76,12.39
2026-05-14,Pune,0.0,36.28,24.02,10.04
2026-05-15,Pune,0.0,38.96,30.0,6.64
2026-05-16,Pune,0.0,36.54,26.32,12.4
2026-05-17,Pune,0.0,37.59,25.66,7.07
2026-05-18,Pune,0.0,38.45,29.2,8.67
2026-05-19,Pune,1.53,40.02,30.0,10.24
2026-05-20,Pune,0.0,35.27,23.72,5.61
2026-05-21,Pune,0.0,38.68,26.9,8.08
2026-05-22,Pune,1.79,37.95,29.27,6.22
2026-05-23,Pune,1.2,38.82,29.73,7.09
2026-05-24,Pune,0.2,38.08,30.0,7.45
2026-05-25,Pune,0.0,38.27,30.0,14.57
2026-05-26,Pune,0.0,38.0,28.98,6.68
2026-05-27,Pune,0.0,37.25,26.59,13.55
2026-05-28,Pune,0.0,36.58,27.58,10.37
2026-05-29,Pune,0.0,38.33,27.46,10.92
2026-05-30,Pune,0.0,40.51,30.0,4.13
2026-05-31,Pune,0.0,38.19,29.61,13.5
2026-06-01,Pune,0.51,37.43,25.19,8.29
2026-06-02,Pune,19.64,38.23,28.25,17.32
2026-06-03,Pune,0.76,36.85,25.22,20.77
2026-06-04,Pune,14.41,37.96,25.42,11.72
2026-06-05,Pune,13.15,37.99,24.75,9.97
2026-06-06,Pune,0.08,38.21,30.0,12.24
2026-06-07,Pune,17.08,37.96,30.0,13.56
2026-06-08,Pune,28.45,36.13,24.69,12.18
2026-06-09,Pune,0.96,40.23,30.0,19.48
2026-06-10,Pune,1.7,36.4,28.37,13.7
2026-06-11,Pune,20.63,37.81,27.92,19.46
2026-06-12,Pune,13.12,36.71,24.79,16.71
2026-06-13,Pune,12.13,38.36,30.0,15.83
2026-06-14,Pune,6.05,39.7,26.58,5.36
2026-06-15,Pune,26.59,36.13,22.35,9.45
2026-06-16,Pune,8.5,36.02,26.02,14.15
2026-06-17,Pune,1.11,37.31,27.29,11.2
2026-06-18,Pune,1.88,34.71,27.46,13.59
2026-06-19,Pune,26.63,33.82,26.67,14.4
2026-06-20,Pune,0.59,41.61,30.0,11.05
2026-06-21,Pune,6.79,34.26,25.7,14.41
2026-06-22,Pune,21.31,37.99,29.49,15.24
2026-06-23,Pune,28.55,38.66,30.0,13.47
2026-06-24,Pune,0.49,35.15,25.95,14.95
2026-06-25,Pune,27.44,36.89,22.93,9.09
2026-06-26,Pune,1.87,37.32,25.62,15.08
2026-06-27,Pune,6.91,35.22,26.88,8.23
2026-06-28,Pune,0.89,35.91,27.39,12.7
2026-06-29,Pune,0.47,33.99,26.36,9.03
2026-06-30,Pune,7.77,36.64,24.44,11.29
2026-07-01,Pune,0.53,37.29,27.89,10.16
2026-07-02,Pune,26.72,36.55,27.94,15.81
2026-07-03,Pune,0.42,35.16,25.92,11.41
2026-07-04,Pune,20.34,40.26,27.86,5.7
2026-07-05,Pune,13.64,35.23,21.93,15.16
2026-07-06,Pune,28.37,33.81,23.54,14.71
2026-07-07,Pune,21.7,35.6,24.91,13.64
2026-07-08,Pune,19.45,34.47,26.05,10.93
2026-07-09,Pune,12.86,38.07,30.0,12.45
2026-07-10,Pune,10.64,35.92,28.77,14.2
2026-07-11,Pune,0.91,35.42,25.58,12.81
2026-07-12,Pune,21.47,31.77,18.82,17.43
2026-07-13,Pune,26.99,35.09,25.69,10.71
2026-07-14,Pune,17.85,34.03,24.14,16.66
2026-07-15,Pune,21.59,35.19,25.31,9.13
2026-07-16,Pune,28.76,35.26,24.34,12.34
2026-07-17,Pune,19.29,36.58,28.68,12.19
2026-07-18,Pune,23.08,33.24,25.58,13.2
2026-07-19,Pune,1.07,34.04,20.38,11.44
2026-07-20,Pune,20.68,35.86,22.27,7.36
2026-07-21,Pune,21.23,33.22,22.58,5.76
2026-07-22,Pune,11.42,33.42,22.93,16.73
2026-07-23,Pune,18.88,34.87,20.93,12.68
2026-07-24,Pune,25.18,35.05,26.65,14.92
2026-07-25,Pune,1.53,32.63,18.64,15.0
2026-07-26,Pune,6.37,33.72,25.04,12.26
2026-07-27,Pune,28.52,31.58,23.27,12.84
2026-07-28,Pune,14.15,32.29,19.29,9.9
2026-07-29,Pune,0.98,33.17,26.15,13.17
2026-07-30,Pune,23.7,32.45,18.83,14.43
2026-07-31,Pune,0.23,31.54,19.16,13.2
2026-08-01,Pune,21.16,35.93,26.1,13.0
2026-08-02,Pune,10.62,33.67,20.85,17.59
2026-08-03,Pune,12.08,37.7,25.97,13.49
2026-08-04,Pune,1.49,33.7,21.63,12.52
2026-08-05,Pune,1.16,31.66,22.92,15.88
2026-08-06,Pune,11.02,27.54,19.2,10.9
2026-08-07,Pune,6.51,32.39,20.27,16.54
2026-08-08,Pune,6.5,32.13,19.23,13.56
2026-08-09,Pune,7.1,31.12,17.39,6.45
2026-08-10,Pune,1.77,32.17,22.15,11.3
2026-08-11,Pune,0.92,31.64,23.26,7.11
2026-08-12,Pune,0.97,28.39,20.41,9.83
2026-08-13,Pune,11.64,29.55,19.71,14.53
2026-08-14,Pune,9.88,31.26,23.65,10.1
2026-08-15,Pune,1.47,32.15,19.82,14.71
2026-08-16,Pune,9.11,27.57,16.81,13.77
2026-08-17,Pune,17.0,31.42,21.83,14.08
2026-08-18,Pune,1.37,31.31,24.3,16.94
2026-08-19,Pune,0.73,29.14,16.75,11.07
2026-08-20,Pune,1.59,29.73,22.37,6.6
2026-08-21,Pune,8.56,28.86,20.21,13.29
2026-08-22,Pune,0.14,29.66,18.18,12.77
2026-08-23,Pune,1.12,30.25,22.05,9.79
2026-08-24,Pune,12.17,27.8,19.44,11.23
2026-08-25,Pune,0.06,30.91,22.96,12.26
2026-08-26,Pune,1.89,28.69,20.08,6.29
2026-08-27,Pune,1.19,27.03,18.55,14.49
2026-08-28,Pune,0.02,27.91,19.37,16.17
2026-08-29,Pune,8.94,30.67,22.47,11.18
2026-08-30,Pune,0.9,29.22,18.26,10.18
2026-08-31,Pune,11.99,29.35,17.96,17.39
2026-09-01,Pune,10.93,27.6,16.49,11.4
2026-09-02,Pune,11.59,30.21,20.96,13.44
2026-09-03,Pune,13.76,25.43,18.29,8.97
2024-08-01,Solapur,5.19,32.95,22.75,15.03
2024-08-02,Solapur,0.85,30.78,23.04,10.73
2024-08-03,Solapur,5.89,29.83,21.5,14.46
2024-08-04,Solapur,1.69,35.19,23.47,16.35
2024-08-05,Solapur,8.82,34.05,23.78,7.24
2024-08-06,Solapur,16.04,34.59,25.39,11.72
2024-08-07,Solapur,15.75,34.88,26.71,14.42
2024-08-08,Solapur,1.36,35.53,28.29,14.47
2024-08-09,Solapur,1.97,31.04,17.23,15.44
2024-08-10,Solapur,11.76,32.95,22.08,11.33
2024-08-11,Solapur,6.02,35.85,21.91,11.33
2024-08-12,Solapur,11.97,34.08,25.03,14.81
2024-08-13,Solapur,4.35,36.99,25.42,16.7
2024-08-14,Solapur,10.17,33.76,19.99,8.75
2024-08-15,Solapur,5.14,35.65,28.59,7.6
2024-08-16,Solapur,7.08,30.59,17.53,11.88
2024-08-17,Solapur,5.12,36.72,25.67,14.59
2024-08-18,Solapur,5.48,35.34,26.36,16.49
2024-08-19,Solapur,0.5,33.54,22.03,15.2
2024-08-20,Solapur,1.93,32.96,19.47,16.06
2024-08-21,Solapur,13.37,33.47,20.22,15.27
2024-08-22,Solapur,0.25,31.35,20.52,15.61
2024-08-23,Solapur,0.19,29.45,16.13,12.66
2024-08-24,Solapur,0.04,29.46,16.15,11.35
2024-08-25,Solapur,8.8,32.2,23.26,11.92
2024-08-26,Solapur,3.64,28.21,17.48,16.92
2024-08-27,Solapur,16.59,28.25,15.39,13.89
2024-08-28,Solapur,14.45,30.49,23.16,8.32
2024-08-29,Solapur,13.79,32.71,25.5,8.64
2024-08-30,Solapur,0.21,31.36,19.61,8.33
2024-08-31,Solapur,0.84,31.34,21.54,15.29
2024-09-01,Solapur,7.23,30.31,20.09,12.23
2024-09-02,Solapur,1.56,27.21,18.72,11.78
2024-09-03,Solapur,0.94,30.67,18.11,16.75
2024-09-04,Solapur,8.23,28.09,18.58,13.87
2024-09-05,Solapur,6.89,31.8,22.11,10.57
2024-09-06,Solapur,8.84,32.39,21.47,14.17
2024-09-07,Solapur,1.67,28.79,20.26,13.66
2024-09-08,Solapur,0.1,29.66,17.78,15.8
2024-09-09,Solapur,1.22,31.93,18.79,10.66
2024-09-10,Solapur,8.52,29.26,19.41,18.76
2024-09-11,Solapur,0.52,30.23,20.12,11.62
2024-09-12,Solapur,16.75,30.73,22.9,7.67
2024-09-13,Solapur,9.07,31.9,24.7,12.51
2024-09-14,Solapur,1.33,30.02,21.8,14.55
2024-09-15,Solapur,14.62,29.87,16.22,14.5
2024-09-16,Solapur,15.42,27.64,15.0,16.74
2024-09-17,Solapur,5.03,26.75,15.0,8.91
2024-09-18,Solapur,8.6,27.74,16.78,11.2
2024-09-19,Solapur,15.29,30.5,20.24,14.78
2024-09-20,Solapur,8.89,27.58,18.94,13.79
2024-09-21,Solapur,1.06,29.43,21.02,12.79
2024-09-22,Solapur,0.29,29.31,19.11,5.92
2024-09-23,Solapur,0.28,25.11,15.0,15.75
2024-09-24,Solapur,13.9,29.54,22.48,9.68
2024-09-25,Solapur,11.3,29.74,22.02,15.01
2024-09-26,Solapur,1.3,27.78,17.86,12.66
2024-09-27,Solapur,4.66,27.8,19.91,16.88
2024-09-28,Solapur,1.42,29.57,18.55,12.84
2024-09-29,Solapur,0.62,26.99,18.69,12.88
2024-09-30,Solapur,9.04,28.02,20.86,12.18
2024-10-01,Solapur,0.0,25.93,17.39,9.58
2024-10-02,Solapur,0.0,27.95,18.4,11.77
2024-10-03,Solapur,0.0,27.51,15.0,10.21
2024-10-04,Solapur,0.0,28.26,17.24,9.5
2024-10-05,Solapur,0.0,30.01,18.91,10.55
2024-10-06,Solapur,0.0,30.93,22.41,11.02
2024-10-07,Solapur,0.0,28.48,18.27,11.36
2024-10-08,Solapur,0.0,27.62,19.52,7.97
2024-10-09,Solapur,0.0,25.22,15.0,13.08
2024-10-10,Solapur,1.41,25.87,16.54,6.35
2024-10-11,Solapur,0.0,28.36,19.41,5.58
2024-10-12,Solapur,0.0,26.32,16.69,9.81
2024-10-13,Solapur,0.0,26.94,15.0,6.37
2024-10-14,Solapur,0.0,23.89,15.08,7.95
2024-10-15,Solapur,0.0,27.92,16.07,12.48
2024-10-16,Solapur,0.0,27.9,17.07,7.21
2024-10-17,Solapur,0.0,23.12,15.0,7.74
2024-10-18,Solapur,0.0,24.72,15.0,10.42
2024-10-19,Solapur,0.0,24.48,15.0,9.52
2024-10-20,Solapur,0.0,25.0,15.0,10.78
2024-10-21,Solapur,0.87,25.31,17.31,7.9
2024-10-22,Solapur,1.42,25.84,15.0,14.83
2024-10-23,Solapur,0.0,23.02,15.0,11.59
2024-10-24,Solapur,1.36,24.94,15.0,13.55
2024-10-25,Solapur,0.0,26.55,15.0,10.65
2024-10-26,Solapur,0.0,27.32,19.11,7.23
2024-10-27,Solapur,0.0,21.82,15.0,3.43
2024-10-28,Solapur,0.0,23.98,15.0,10.07
2024-10-29,Solapur,0.0,29.34,18.67,9.82
2024-10-30,Solapur,1.57,25.34,17.43,9.11
2024-10-31,Solapur,0.0,27.35,15.0,10.85
2024-11-01,Solapur,0.5,24.76,16.98,12.21
2024-11-02,Solapur,0.0,25.05,17.16,8.64
2024-11-03,Solapur,0.38,25.3,16.05,10.54
2024-11-04,Solapur,0.0,23.72,15.0,9.39
2024-11-05,Solapur,0.0,24.67,16.07,7.94
2024-11-06,Solapur,0.0,24.8,15.51,10.91
2024-11-07,Solapur,0.0,26.7,19.21,9.33
2024-11-08,Solapur,0.0,27.56,15.0,11.84
2024-11-09,Solapur,0.44,26.67,15.18,9.49
2024-11-10,Solapur,0.43,25.31,15.0,8.42
2024-11-11,Solapur,0.0,26.85,15.63,8.18
2024-11-12,Solapur,0.0,25.75,17.71,6.64
2024-11-13,Solapur,0.0,24.03,15.0,5.87
2024-11-14,Solapur,0.0,25.38,16.93,5.94
2024-11-15,Solapur,0.0,23.96,15.0,14.48
2024-11-16,Solapur,0.0,26.58,15.0,9.74
2024-11-17,Solapur,0.0,22.7,15.0,9.53
2024-11-18,Solapur,0.0,26.67,15.0,10.36
2024-11-19,Solapur,0.0,27.61,15.86,8.57
2024-11-20,Solapur,0.0,24.84,15.0,6.79
2024-11-21,Solapur,0.0,23.05,15.0,3.41
2024-11-22,Solapur,0.0,24.25,15.0,11.75
2024-11-23,Solapur,0.0,24.93,15.0,15.84
2024-11-24,Solapur,0.0,21.94,15.0,7.72
2024-11-25,Solapur,0.0,25.93,16.75,5.73
2024-11-26,Solapur,0.0,24.54,15.14,8.29
2024-11-27,Solapur,0.0,23.73,15.0,9.0
2024-11-28,Solapur,1.28,26.94,16.92,10.35
2024-11-29,Solapur,1.85,23.52,15.88,8.57
2024-11-30,Solapur,1.39,24.08,15.22,12.99
2024-12-01,Solapur,0.62,21.51,15.0,6.09
2024-12-02,Solapur,1.32,23.39,15.0,9.76
2024-12-03,Solapur,0.0,27.92,15.0,6.54
2024-12-04,Solapur,0.97,26.02,16.59,5.26
2024-12-05,Solapur,1.18,25.43,16.25,13.99
2024-12-06,Solapur,0.0,25.96,18.66,9.38
2024-12-07,Solapur,1.19,27.3,20.27,5.25
2024-12-08,Solapur,0.0,27.55,18.05,7.8
2024-12-09,Solapur,0.0,25.9,17.09,12.1
2024-12-10,Solapur,0.0,28.02,15.15,13.18
2024-12-11,Solapur,0.96,24.69,16.41,9.41
2024-12-12,Solapur,0.0,25.38,15.0,8.5
2024-12-13,Solapur,0.0,26.37,18.89,10.1
2024-12-14,Solapur,0.27,26.13,16.35,10.55
2024-12-15,Solapur,0.0,26.84,19.77,5.86
2024-12-16,Solapur,0.0,25.97,16.2,10.93
2024-12-17,Solapur,1.1,26.99,15.14,11.62
2024-12-18,Solapur,0.0,28.59,20.46,10.58
2024-12-19,Solapur,1.08,24.82,15.0,3.33
2024-12-20,Solapur,0.0,27.46,15.0,4.28
2024-12-21,Solapur,0.0,25.14,15.0,7.77
2024-12-22,Solapur,0.13,26.23,16.92,9.94
2024-12-23,Solapur,0.0,25.45,15.0,12.45
2024-12-24,Solapur,1.29,25.51,18.38,9.92
2024-12-25,Solapur,1.79,22.82,15.0,9.77
2024-12-26,Solapur,0.0,30.97,17.57,8.85
2024-12-27,Solapur,1.36,27.48,15.0,4.71
2024-12-28,Solapur,0.79,29.94,16.93,11.13
2024-12-29,Solapur,0.0,28.46,19.41,8.56
2024-12-30,Solapur,0.0,27.68,15.0,8.61
2024-12-31,Solapur,0.0,26.98,18.45,9.72
2025-01-01,Solapur,0.0,23.44,15.0,4.8
2025-01-02,Solapur,0.0,27.69,15.0,9.42
2025-01-03,Solapur,0.0,28.13,15.82,8.95
2025-01-04,Solapur,0.87,26.53,18.22,10.18
2025-01-05,Solapur,1.44,27.64,20.28,8.87
2025-01-06,Solapur,0.0,31.18,22.11,5.31
2025-01-07,Solapur,0.0,26.51,17.03,11.43
2025-01-08,Solapur,0.47,30.12,18.58,10.74
2025-01-09,Solapur,0.0,27.37,16.54,13.76
2025-01-10,Solapur,0.0,30.56,22.83,9.01
2025-01-11,Solapur,0.81,25.91,18.64,10.63
2025-01-12,Solapur,0.0,31.86,18.05,7.41
2025-01-13,Solapur,0.0,27.73,19.72,9.19
2025-01-14,Solapur,0.0,29.17,21.28,10.7
2025-01-15,Solapur,1.21,28.08,18.66,7.55
2025-01-16,Solapur,0.0,30.05,22.12,6.8
2025-01-17,Solapur,0.0,29.54,20.84,4.78
2025-01-18,Solapur,0.0,26.19,15.0,10.78
2025-01-19,Solapur,0.0,25.13,15.0,9.98
2025-01-20,Solapur,0.0,30.08,19.27,6.06
2025-01-21,Solapur,0.0,31.13,24.05,9.09
2025-01-22,Solapur,1.5,28.61,20.58,8.73
2025-01-23,Solapur,0.0,30.23,23.02,14.32
2025-01-24,Solapur,0.0,27.76,19.49,11.43
2025-01-25,Solapur,0.0,33.73,24.52,6.43
2025-01-26,Solapur,0.0,31.92,22.06,12.36
2025-01-27,Solapur,0.0,28.45,17.17,4.38
2025-01-28,Solapur,0.0,28.23,17.32,8.69
2025-01-29,Solapur,0.0,32.63,23.36,7.26
2025-01-30,Solapur,1.92,28.98,21.2,10.26
2025-01-31,Solapur,0.0,29.16,20.02,9.07
2025-02-01,Solapur,0.0,31.56,21.7,9.38
2025-02-02,Solapur,0.0,28.52,17.37,9.53
2025-02-03,Solapur,0.0,28.46,19.29,9.08
2025-02-04,Solapur,0.0,32.46,22.91,8.2
2025-02-05,Solapur,0.0,32.37,25.09,11.86
2025-02-06,Solapur,0.54,32.65,19.45,8.88
2025-02-07,Solapur,0.9,32.26,21.24,8.25
2025-02-08,Solapur,0.0,30.53,17.86,4.97
2025-02-09,Solapur,0.0,30.63,21.81,10.18
2025-02-10,Solapur,0.55,29.54,21.24,8.38
2025-02-11,Solapur,0.1,36.53,22.61,9.58
2025-02-12,Solapur,0.69,31.83,23.8,9.35
2025-02-13,Solapur,0.0,31.71,18.0,9.31
2025-02-14,Solapur,0.33,34.29,24.76,4.93
2025-02-15,Solapur,0.0,30.24,18.36,10.68
2025-02-16,Solapur,0.0,31.29,19.27,7.74
2025-02-17,Solapur,0.0,36.17,27.5,7.8
2025-02-18,Solapur,0.58,32.26,20.38,7.88
2025-02-19,Solapur,0.0,34.63,20.82,7.89
2025-02-20,Solapur,1.65,31.89,21.32,9.27
2025-02-21,Solapur,1.8,33.45,25.67,3.26
2025-02-22,Solapur,0.0,34.49,24.63,15.17
2025-02-23,Solapur,0.0,33.42,21.91,4.53
2025-02-24,Solapur,0.0,33.83,21.3,8.64
2025-02-25,Solapur,1.77,36.44,27.9,9.48
2025-02-26,Solapur,0.0,35.5,22.61,9.99
2025-02-27,Solapur,0.0,33.53,20.44,11.5
2025-02-28,Solapur,0.0,36.49,27.73,9.95
2025-03-01,Solapur,0.0,36.23,24.83,13.89
2025-03-02,Solapur,0.11,33.54,19.82,10.18
2025-03-03,Solapur,1.63,34.73,23.8,6.1
2025-03-04,Solapur,0.0,35.16,22.29,7.83
2025-03-05,Solapur,0.0,32.44,24.0,7.69
2025-03-06,Solapur,0.0,36.45,28.89,10.2
2025-03-07,Solapur,0.0,35.19,22.28,7.66
2025-03-08,Solapur,0.0,36.19,23.13,9.34
2025-03-09,Solapur,0.66,36.58,23.12,7.16
2025-03-10,Solapur,1.15,32.03,19.46,13.66
2025-03-11,Solapur,0.0,33.59,25.45,9.97
2025-03-12,Solapur,0.0,36.88,24.35,8.24
2025-03-13,Solapur,0.0,33.24,25.72,10.64
2025-03-14,Solapur,1.01,36.16,29.13,11.01
2025-03-15,Solapur,0.0,35.03,26.98,10.94
2025-03-16,Solapur,0.0,36.98,26.52,10.06
2025-03-17,Solapur,0.0,36.68,27.27,14.15
2025-03-18,Solapur,0.0,35.65,24.61,10.78
2025-03-19,Solapur,0.0,37.89,26.58,9.4
2025-03-20,Solapur,0.0,41.93,30.0,6.91
2025-03-21,Solapur,1.83,36.3,28.84,8.04
2025-03-22,Solapur,0.0,35.04,22.1,11.24
2025-03-23,Solapur,0.18,36.72,28.51,15.92
2025-03-24,Solapur,0.0,39.73,30.0,10.97
2025-03-25,Solapur,0.0,34.19,25.79,8.11
2025-03-26,Solapur,0.0,38.6,30.0,6.96
2025-03-27,Solapur,0.0,35.79,27.2,10.16
2025-03-28,Solapur,0.0,38.34,26.76,10.96
2025-03-29,Solapur,1.74,35.02,24.56,10.78
2025-03-30,Solapur,0.0,39.04,29.74,9.97
2025-03-31,Solapur,0.0,39.32,26.47,7.92
2025-04-01,Solapur,0.0,40.98,30.0,10.89
2025-04-02,Solapur,0.0,38.39,29.3,11.65
2025-04-03,Solapur,0.0,40.61,28.31,7.52
2025-04-04,Solapur,0.35,37.92,29.33,13.15
2025-04-05,Solapur,0.0,36.29,26.93,3.59
2025-04-06,Solapur,0.0,35.4,26.81,12.25
2025-04-07,Solapur,0.0,39.35,29.74,8.24
2025-04-08,Solapur,0.0,39.27,30.0,7.87
2025-04-09,Solapur,0.0,38.6,28.13,13.77
2025-04-10,Solapur,0.0,42.0,30.0,9.08
2025-04-11,Solapur,0.0,40.64,30.0,8.94
2025-04-12,Solapur,1.18,39.34,29.9,5.51
2025-04-13,Solapur,0.0,40.82,30.0,8.82
2025-04-14,Solapur,0.0,40.34,30.0,9.39
2025-04-15,Solapur,1.95,38.67,25.39,6.24
2025-04-16,Solapur,0.0,36.05,28.3,10.41
2025-04-17,Solapur,0.0,38.58,29.81,10.28
2025-04-18,Solapur,0.0,39.86,29.4,8.02
2025-04-19,Solapur,0.0,37.95,25.02,8.01
2025-04-20,Solapur,0.25,38.44,27.38,6.63
2025-04-21,Solapur,0.0,38.61,30.0,4.76
2025-04-22,Solapur,0.0,36.73,23.86,4.46
2025-04-23,Solapur,0.0,40.78,29.1,5.06
2025-04-24,Solapur,0.0,38.74,27.11,6.65
2025-04-25,Solapur,0.0,42.0,30.0,5.25
2025-04-26,Solapur,1.73,41.49,30.0,9.96
2025-04-27,Solapur,0.3,38.7,26.67,8.61
2025-04-28,Solapur,0.0,39.99,30.0,11.59
2025-04-29,Solapur,0.0,37.01,24.54,7.51
2025-04-30,Solapur,0.0,38.6,25.73,10.5
2025-05-01,Solapur,0.28,37.87,27.99,15.98
2025-05-02,Solapur,0.0,39.97,26.92,11.94
2025-05-03,Solapur,1.69,38.69,28.77,10.22
2025-05-04,Solapur,1.68,42.0,30.0,6.48
2025-05-05,Solapur,0.0,38.4,29.5,10.34
2025-05-06,Solapur,0.0,40.25,29.25,12.31
2025-05-07,Solapur,0.0,37.48,24.31,5.87
2025-05-08,Solapur,0.0,40.15,30.0,11.81
2025-05-09,Solapur,1.9,42.0,30.0,7.1
2025-05-10,Solapur,0.0,39.64,30.0,5.34
2025-05-11,Solapur,1.98,38.88,26.9,9.6
2025-05-12,Solapur,0.0,39.07,25.13,10.31
2025-05-13,Solapur,0.42,36.47,24.8,13.11
2025-05-14,Solapur,0.0,39.07,26.47,7.93
2025-05-15,Solapur,0.0,40.86,30.0,9.81
2025-05-16,Solapur,1.98,37.85,29.07,7.32
2025-05-17,Solapur,1.65,41.78,30.0,7.29
2025-05-18,Solapur,0.0,41.33,30.0,11.36
2025-05-19,Solapur,0.0,37.1,29.83,9.73
2025-05-20,Solapur,0.0,39.18,29.11,14.19
2025-05-21,Solapur,0.0,40.51,28.43,9.49
2025-05-22,Solapur,0.0,39.11,30.0,6.87
2025-05-23,Solapur,0.92,40.87,30.0,6.62
2025-05-24,Solapur,0.0,40.18,26.19,8.66
2025-05-25,Solapur,0.0,40.6,30.0,11.19
2025-05-26,Solapur,0.0,41.6,30.0,9.05
2025-05-27,Solapur,0.0,41.02,30.0,7.84
2025-05-28,Solapur,0.0,40.52,30.0,8.14
2025-05-29,Solapur,0.33,36.91,26.08,7.66
2025-05-30,Solapur,0.9,39.62,30.0,11.38
2025-05-31,Solapur,0.0,41.81,30.0,6.62
2025-06-01,Solapur,7.59,40.09,27.49,15.96
2025-06-02,Solapur,10.35,42.0,30.0,12.33
2025-06-03,Solapur,11.11,41.58,29.7,9.82
2025-06-04,Solapur,7.31,37.32,26.1,19.9
2025-06-05,Solapur,5.55,40.4,27.95,11.32
2025-06-06,Solapur,9.89,39.63,30.0,12.9
2025-06-07,Solapur,7.12,39.03,28.27,5.9
2025-06-08,Solapur,8.44,38.37,30.0,9.45
2025-06-09,Solapur,0.61,39.11,26.86,13.57
2025-06-10,Solapur,1.57,41.96,30.0,11.72
2025-06-11,Solapur,8.31,39.14,28.39,11.14
2025-06-12,Solapur,5.84,41.79,30.0,11.26
2025-06-13,Solapur,16.71,38.66,29.8,11.65
2025-06-14,Solapur,1.67,41.11,30.0,14.84
2025-06-15,Solapur,1.6,38.96,30.0,10.36
2025-06-16,Solapur,1.48,38.06,25.35,15.86
2025-06-17,Solapur,12.94,38.9,29.1,16.46
2025-06-18,Solapur,6.3,41.0,30.0,8.8
2025-06-19,Solapur,9.43,40.32,30.0,12.07
2025-06-20,Solapur,1.66,40.26,30.0,10.73
2025-06-21,Solapur,14.36,37.8,30.0,16.2
2025-06-22,Solapur,0.72,38.86,29.9,10.9
2025-06-23,Solapur,1.33,39.95,28.41,13.16
2025-06-24,Solapur,16.74,37.94,29.69,15.83
2025-06-25,Solapur,1.48,41.15,30.0,10.0
2025-06-26,Solapur,0.62,39.85,30.0,14.44
2025-06-27,Solapur,16.69,34.98,23.38,13.67
2025-06-28,Solapur,1.14,37.72,26.56,11.67
2025-06-29,Solapur,7.75,40.99,30.0,14.52
2025-06-30,Solapur,15.81,39.31,29.77,16.56
2025-07-01,Solapur,0.74,41.74,29.27,9.87
2025-07-02,Solapur,1.74,38.76,25.69,15.82
2025-07-03,Solapur,1.64,40.29,29.67,16.37
2025-07-04,Solapur,4.59,39.8,29.63,16.14
2025-07-05,Solapur,13.54,37.4,27.72,18.23
2025-07-06,Solapur,1.58,39.04,27.04,18.62
2025-07-07,Solapur,11.66,37.06,29.09,12.62
2025-07-08,Solapur,16.99,37.83,24.31,20.57
2025-07-09,Solapur,7.62,40.22,29.26,18.28
2025-07-10,Solapur,3.68,38.75,25.03,14.87
2025-07-11,Solapur,10.45,33.6,22.37,14.05
2025-07-12,Solapur,1.53,42.0,30.0,4.9
2025-07-13,Solapur,12.41,35.97,27.47,6.77
2025-07-14,Solapur,0.0,38.8,28.14,6.13
2025-07-15,Solapur,15.3,35.65,22.02,4.26
2025-07-16,Solapur,3.88,40.76,28.12,15.86
2025-07-17,Solapur,0.71,34.23,21.38,11.09
2025-07-18,Solapur,16.1,38.56,27.9,18.43
2025-07-19,Solapur,14.66,35.96,27.96,9.93
2025-07-20,Solapur,16.98,33.54,22.04,13.33
2025-07-21,Solapur,9.17,35.86,23.45,14.23
2025-07-22,Solapur,10.96,36.47,28.33,11.94
2025-07-23,Solapur,11.51,33.41,21.51,16.74
2025-07-24,Solapur,10.07,37.68,26.73,13.34
2025-07-25,Solapur,0.82,36.93,23.36,13.12
2025-07-26,Solapur,1.57,34.57,20.86,8.47
2025-07-27,Solapur,1.32,35.02,24.98,15.37
2025-07-28,Solapur,6.41,30.66,22.81,12.67
2025-07-29,Solapur,9.63,36.12,23.0,13.94
2025-07-30,Solapur,9.18,35.01,26.74,7.17
2025-07-31,Solapur,0.1,35.92,22.9,15.3
2025-08-01,Solapur,9.3,36.73,28.19,13.3
2025-08-02,Solapur,12.45,36.19,23.14,10.52
2025-08-03,Solapur,14.48,31.25,19.98,18.58
2025-08-04,Solapur,6.24,36.05,24.89,12.63
2025-08-05,Solapur,8.73,33.11,20.11,11.61
2025-08-06,Solapur,0.63,33.98,21.84,11.63
2025-08-07,Solapur,3.56,35.4,26.61,10.5
2025-08-08,Solapur,0.59,35.15,24.24,11.21
2025-08-09,Solapur,15.74,36.04,25.12,12.58
2025-08-10,Solapur,13.91,36.74,23.87,18.34
2025-08-11,Solapur,0.97,32.73,20.63,16.45
2025-08-12,Solapur,15.36,31.06,17.29,13.11
2025-08-13,Solapur,1.16,33.49,24.42,10.1
2025-08-14,Solapur,0.28,32.59,24.0,7.02
2025-08-15,Solapur,12.93,32.38,19.28,14.01
2025-08-16,Solapur,1.21,34.22,21.67,10.57
2025-08-17,Solapur,0.99,30.5,17.81,10.6
2025-08-18,Solapur,0.28,30.48,17.96,13.93
2025-08-19,Solapur,1.61,34.18,23.59,13.18
2025-08-20,Solapur,15.16,32.53,22.97,16.66
2025-08-21,Solapur,0.54,30.99,18.47,14.51
2025-08-22,Solapur,11.13,34.34,25.94,10.24
2025-08-23,Solapur,0.46,31.46,21.19,12.66
2025-08-24,Solapur,5.75,30.7,20.58,14.99
2025-08-25,Solapur,13.87,33.41,26.36,11.33
2025-08-26,Solapur,0.04,30.65,20.5,11.25
2025-08-27,Solapur,14.0,34.07,22.57,14.31
2025-08-28,Solapur,8.97,31.87,18.26,16.45
2025-08-29,Solapur,0.98,31.89,19.33,12.89
2025-08-30,Solapur,6.02,36.52,26.36,9.14
2025-08-31,Solapur,0.25,28.19,16.26,10.68
2025-09-01,Solapur,13.86,31.02,18.14,16.4
2025-09-02,Solapur,16.57,32.35,22.53,17.04
2025-09-03,Solapur,4.13,33.35,19.62,11.17
2025-09-04,Solapur,16.82,29.87,19.18,16.98
2025-09-05,Solapur,6.41,33.47,21.43,10.79
2025-09-06,Solapur,17.46,28.12,15.0,13.64
2025-09-07,Solapur,7.7,33.48,19.68,16.98
2025-09-08,Solapur,11.36,32.94,23.54,18.05
2025-09-09,Solapur,3.92,28.05,17.74,15.67
2025-09-10,Solapur,0.95,30.17,20.75,11.9
2025-09-11,Solapur,1.55,28.4,20.83,10.42
2025-09-12,Solapur,15.28,28.22,18.67,14.69
2025-09-13,Solapur,1.01,27.05,18.17,11.58
2025-09-14,Solapur,7.83,33.44,24.51,12.07
2025-09-15,Solapur,10.11,28.32,15.0,13.42
2025-09-16,Solapur,0.6,27.9,19.55,7.58
2025-09-17,Solapur,1.0,27.57,15.0,12.19
2025-09-18,Solapur,14.67,27.81,18.54,16.97
2025-09-19,Solapur,4.18,28.39,16.35,9.22
2025-09-20,Solapur,6.46,27.09,19.48,11.78
2025-09-21,Solapur,0.08,28.27,16.88,16.72
2025-09-22,Solapur,3.67,26.64,17.12,11.79
2025-09-23,Solapur,6.57,29.59,17.18,14.86
2025-09-24,Solapur,5.91,26.38,17.37,11.77
2025-09-25,Solapur,0.97,29.66,20.79,15.31
2025-09-26,Solapur,3.81,29.96,19.28,14.06
2025-09-27,Solapur,6.02,27.98,19.47,21.0
2025-09-28,Solapur,0.41,29.48,18.32,11.39
2025-09-29,Solapur,0.21,26.3,15.0,12.06
2025-09-30,Solapur,7.24,28.51,18.51,14.89
2025-10-01,Solapur,1.09,26.39,15.01,9.72
2025-10-02,Solapur,0.0,26.52,16.1,9.53
2025-10-03,Solapur,0.0,26.91,19.66,11.01
2025-10-04,Solapur,0.0,27.64,18.55,12.87
2025-10-05,Solapur,0.0,26.76,16.34,3.89
2025-10-06,Solapur,0.0,24.32,15.0,10.39
2025-10-07,Solapur,0.0,25.86,17.04,7.15
2025-10-08,Solapur,0.0,26.45,15.0,6.86
2025-10-09,Solapur,0.0,28.31,20.24,11.85
2025-10-10,Solapur,0.0,27.79,19.32,10.63
2025-10-11,Solapur,0.0,27.66,17.15,5.74
2025-10-12,Solapur,0.0,26.12,17.43,8.63
2025-10-13,Solapur,0.0,26.75,15.0,13.29
2025-10-14,Solapur,0.0,25.71,15.0,7.19
2025-10-15,Solapur,0.0,26.25,16.48,11.92
2025-10-16,Solapur,0.0,29.52,19.49,4.34
2025-10-17,Solapur,0.0,26.04,15.0,12.29
2025-10-18,Solapur,0.0,23.31,15.0,11.3
2025-10-19,Solapur,0.0,25.14,17.79,5.57
2025-10-20,Solapur,0.0,26.58,15.0,12.29
2025-10-21,Solapur,0.0,26.85,15.0,10.16
2025-10-22,Solapur,1.8,24.88,16.49,4.23
2025-10-23,Solapur,1.59,27.01,15.47,10.84
2025-10-24,Solapur,0.0,24.03,15.46,4.7
2025-10-25,Solapur,0.77,23.76,15.0,8.4
2025-10-26,Solapur,0.0,28.28,15.0,6.86
2025-10-27,Solapur,0.0,26.07,16.85,12.86
2025-10-28,Solapur,0.0,26.59,16.56,6.86
2025-10-29,Solapur,1.43,28.63,21.1,14.93
2025-10-30,Solapur,0.0,25.93,16.5,11.84
2025-10-31,Solapur,0.0,26.34,15.0,6.15
2025-11-01,Solapur,0.0,23.65,15.0,8.59
2025-11-02,Solapur,0.0,24.38,16.2,9.91
2025-11-03,Solapur,0.0,27.81,15.0,5.57
2025-11-04,Solapur,0.76,24.56,15.0,10.65
2025-11-05,Solapur,1.8,26.17,15.0,6.59
2025-11-06,Solapur,1.86,25.8,15.0,5.48
2025-11-07,Solapur,0.0,24.92,17.57,15.55
2025-11-08,Solapur,0.0,25.81,15.0,13.23
2025-11-09,Solapur,0.0,24.67,17.52,7.2
2025-11-10,Solapur,0.0,22.52,15.0,10.34
2025-11-11,Solapur,0.0,24.54,15.0,7.32
2025-11-12,Solapur,0.0,28.81,15.0,8.43
2025-11-13,Solapur,1.28,27.48,15.9,10.11
2025-11-14,Solapur,0.0,25.12,15.0,10.0
2025-11-15,Solapur,0.0,23.09,15.0,8.58
2025-11-16,Solapur,0.0,22.73,15.0,11.67
2025-11-17,Solapur,0.0,26.9,19.39,5.88
2025-11-18,Solapur,0.0,23.46,15.0,10.57
2025-11-19,Solapur,1.15,21.44,15.0,5.18
2025-11-20,Solapur,0.0,24.94,17.76,9.69
2025-11-21,Solapur,0.0,22.94,15.19,13.57
2025-11-22,Solapur,0.11,25.1,15.0,4.04
2025-11-23,Solapur,0.0,24.52,15.0,4.58
2025-11-24,Solapur,0.87,23.78,15.0,8.32
2025-11-25,Solapur,0.0,25.9,17.18,4.5
2025-11-26,Solapur,0.0,24.45,15.0,11.88
2025-11-27,Solapur,0.0,26.69,15.84,2.7
2025-11-28,Solapur,0.0,26.21,19.09,8.7
2025-11-29,Solapur,0.0,27.38,18.21,8.59
2025-11-30,Solapur,0.0,25.28,16.62,8.59
2025-12-01,Solapur,1.08,25.54,15.29,9.45
2025-12-02,Solapur,0.96,26.97,19.45,5.1
2025-12-03,Solapur,0.0,24.94,15.0,13.84
2025-12-04,Solapur,1.44,26.5,15.63,11.28
2025-12-05,Solapur,0.54,28.73,15.94,2.0
2025-12-06,Solapur,0.0,27.38,17.52,6.41
2025-12-07,Solapur,0.0,27.3,15.0,11.38
2025-12-08,Solapur,1.37,28.39,20.15,11.99
2025-12-09,Solapur,0.0,25.52,16.23,11.07
2025-12-10,Solapur,0.0,23.66,15.0,9.75
2025-12-11,Solapur,0.0,24.74,15.0,5.68
2025-12-12,Solapur,0.0,23.5,15.0,8.08
2025-12-13,Solapur,0.0,24.23,15.0,9.37
2025-12-14,Solapur,1.93,24.44,16.45,12.11
2025-12-15,Solapur,0.0,23.77,15.0,12.55
2025-12-16,Solapur,0.0,28.14,19.0,8.28
2025-12-17,Solapur,0.74,25.99,15.0,6.22
2025-12-18,Solapur,1.75,29.24,16.39,8.92
2025-12-19,Solapur,0.0,27.55,18.59,10.61
2025-12-20,Solapur,0.0,27.01,15.1,12.15
2025-12-21,Solapur,0.0,28.49,17.78,7.61
2025-12-22,Solapur,1.64,27.11,15.0,11.15
2025-12-23,Solapur,1.28,26.7,17.59,8.29
2025-12-24,Solapur,0.43,25.69,17.58,8.02
2025-12-25,Solapur,0.0,26.62,15.0,7.6
2025-12-26,Solapur,0.0,26.36,15.0,10.23
2025-12-27,Solapur,0.0,30.24,17.96,8.46
2025-12-28,Solapur,0.51,27.27,15.0,11.74
2025-12-29,Solapur,0.0,28.53,20.14,13.75
2025-12-30,Solapur,0.0,24.42,16.07,8.99
2025-12-31,Solapur,0.0,25.38,17.32,6.9
2026-01-01,Solapur,0.43,25.05,16.13,2.15
2026-01-02,Solapur,0.0,27.99,18.88,6.42
2026-01-03,Solapur,0.0,26.53,16.52,9.37
2026-01-04,Solapur,0.0,28.21,21.14,7.19
2026-01-05,Solapur,0.0,28.79,17.38,6.28
2026-01-06,Solapur,0.0,28.55,16.78,4.45
2026-01-07,Solapur,0.0,26.61,15.31,9.55
2026-01-08,Solapur,0.09,26.49,16.31,4.91
2026-01-09,Solapur,0.0,30.29,20.59,7.6
2026-01-10,Solapur,0.0,25.91,16.67,13.02
2026-01-11,Solapur,0.0,26.77,15.0,11.63
2026-01-12,Solapur,0.0,25.43,18.03,9.01
2026-01-13,Solapur,0.0,28.58,15.2,12.8
2026-01-14,Solapur,0.0,29.73,16.26,8.56
2026-01-15,Solapur,0.0,31.26,21.69,12.98
2026-01-16,Solapur,0.0,29.01,17.2,13.84
2026-01-17,Solapur,0.99,33.15,25.8,7.71
2026-01-18,Solapur,0.0,28.65,20.92,8.58
2026-01-19,Solapur,0.0,30.81,23.53,9.15
2026-01-20,Solapur,0.0,34.07,26.04,10.24
2026-01-21,Solapur,0.0,26.39,15.71,12.22
2026-01-22,Solapur,0.5,30.11,19.6,10.08
2026-01-23,Solapur,0.0,27.7,15.0,5.79
2026-01-24,Solapur,0.0,28.9,15.46,12.92
2026-01-25,Solapur,0.0,29.87,21.64,10.02
2026-01-26,Solapur,1.29,28.96,15.71,3.94
2026-01-27,Solapur,0.0,31.3,17.6,15.06
2026-01-28,Solapur,0.0,30.42,23.21,11.88
2026-01-29,Solapur,0.0,32.04,18.15,5.19
2026-01-30,Solapur,1.23,30.6,20.93,6.06
2026-01-31,Solapur,0.0,33.19,20.12,11.82
2026-02-01,Solapur,0.66,30.96,17.37,8.55
2026-02-02,Solapur,0.0,32.17,20.69,5.25
2026-02-03,Solapur,0.0,32.18,20.08,10.82
2026-02-04,Solapur,0.0,29.24,20.71,7.44
2026-02-05,Solapur,1.63,29.37,21.21,5.93
2026-02-06,Solapur,0.0,33.06,21.29,13.27
2026-02-07,Solapur,0.0,31.34,23.02,11.07
2026-02-08,Solapur,1.59,30.32,22.41,9.12
2026-02-09,Solapur,0.0,30.17,16.79,7.18
2026-02-10,Solapur,0.0,31.75,21.76,3.93
2026-02-11,Solapur,0.0,31.8,22.34,11.3
2026-02-12,Solapur,0.0,32.07,21.76,3.27
2026-02-13,Solapur,0.0,31.73,22.8,6.08
2026-02-14,Solapur,0.0,31.2,21.2,11.94
2026-02-15,Solapur,0.0,31.93,21.89,10.64
2026-02-16,Solapur,0.0,33.02,22.81,7.51
2026-02-17,Solapur,0.0,30.95,21.5,8.74
2026-02-18,Solapur,1.97,32.44,19.57,14.94
2026-02-19,Solapur,0.0,35.04,21.76,2.0
2026-02-20,Solapur,0.0,34.64,27.13,8.84
2026-02-21,Solapur,0.0,31.67,19.06,6.43
2026-02-22,Solapur,1.91,30.95,23.63,10.73
2026-02-23,Solapur,1.83,38.78,26.24,9.96
2026-02-24,Solapur,0.0,34.18,23.79,7.3
2026-02-25,Solapur,0.0,34.48,23.21,14.66
2026-02-26,Solapur,0.0,33.83,21.84,6.06
2026-02-27,Solapur,1.43,36.96,29.34,6.89
2026-02-28,Solapur,0.0,30.88,22.29,12.52
2026-03-01,Solapur,0.0,33.93,22.45,17.2
2026-03-02,Solapur,0.0,32.41,24.77,10.62
2026-03-03,Solapur,0.0,32.17,24.44,9.03
2026-03-04,Solapur,0.0,36.48,26.86,6.47
2026-03-05,Solapur,1.62,32.77,23.71,8.72
2026-03-06,Solapur,0.11,35.6,23.75,7.69
2026-03-07,Solapur,0.0,35.52,25.67,2.92
2026-03-08,Solapur,0.0,32.57,24.59,10.71
2026-03-09,Solapur,0.0,34.93,25.17,7.45
2026-03-10,Solapur,0.59,32.69,22.69,8.92
2026-03-11,Solapur,0.0,36.75,28.58,10.29
2026-03-12,Solapur,0.0,37.21,29.38,14.05
2026-03-13,Solapur,1.5,37.7,30.0,11.47
2026-03-14,Solapur,0.0,35.29,26.18,10.63
2026-03-15,Solapur,0.0,34.7,20.87,10.41
2026-03-16,Solapur,0.0,37.78,27.4,8.34
2026-03-17,Solapur,0.0,34.39,21.17,7.65
2026-03-18,Solapur,0.56,36.85,29.41,5.52
2026-03-19,Solapur,0.0,36.31,28.29,9.99
2026-03-20,Solapur,0.0,33.31,24.28,12.37
2026-03-21,Solapur,0.0,37.23,28.48,8.43
2026-03-22,Solapur,0.0,36.37,23.24,14.06
2026-03-23,Solapur,0.0,36.26,27.64,4.56
2026-03-24,Solapur,0.0,36.3,29.18,6.64
2026-03-25,Solapur,0.0,40.32,30.0,14.24
2026-03-26,Solapur,0.0,34.33,26.65,9.15
2026-03-27,Solapur,0.25,37.45,26.61,10.73
2026-03-28,Solapur,0.0,36.17,26.8,8.23
2026-03-29,Solapur,0.0,36.9,23.73,9.46
2026-03-30,Solapur,0.0,38.12,26.88,12.24
2026-03-31,Solapur,0.0,40.16,29.78,2.41
2026-04-01,Solapur,0.0,37.63,24.45,9.41
2026-04-02,Solapur,0.0,40.52,30.0,9.36
2026-04-03,Solapur,0.44,38.62,29.58,10.4
2026-04-04,Solapur,1.72,38.64,25.31,10.43
2026-04-05,Solapur,0.0,35.77,22.34,17.05
2026-04-06,Solapur,0.0,41.02,30.0,16.12
2026-04-07,Solapur,0.0,37.82,24.2,5.88
2026-04-08,Solapur,0.72,40.47,30.0,12.59
2026-04-09,Solapur,1.55,41.23,28.52,13.44
2026-04-10,Solapur,0.0,35.28,27.98,10.91
2026-04-11,Solapur,0.0,37.77,27.7,6.75
2026-04-12,Solapur,0.0,39.85,30.0,7.21
2026-04-13,Solapur,0.21,38.04,25.16,5.25
2026-04-14,Solapur,1.06,39.63,30.0,10.59
2026-04-15,Solapur,1.66,42.0,29.27,12.39
2026-04-16,Solapur,0.3,40.14,30.0,5.48
2026-04-17,Solapur,0.0,37.77,28.99,9.58
2026-04-18,Solapur,0.0,42.0,30.0,9.69
2026-04-19,Solapur,0.0,40.72,30.0,12.77
2026-04-20,Solapur,1.4,40.53,26.87,11.8
2026-04-21,Solapur,0.66,42.0,28.31,9.63
2026-04-22,Solapur,1.46,38.53,27.24,6.16
2026-04-23,Solapur,0.0,37.08,25.95,9.22
2026-04-24,Solapur,0.0,42.0,30.0,14.9
2026-04-25,Solapur,1.1,38.3,25.56,9.2
2026-04-26,Solapur,0.0,42.0,29.37,12.8
2026-04-27,Solapur,0.0,41.27,30.0,10.1
2026-04-28,Solapur,0.0,37.88,28.17,10.55
2026-04-29,Solapur,0.69,38.58,28.08,2.22
2026-04-30,Solapur,0.38,38.99,29.13,5.68
2026-05-01,Solapur,0.0,39.75,27.33,8.32
2026-05-02,Solapur,0.08,42.0,30.0,12.96
2026-05-03,Solapur,0.02,41.91,30.0,9.16
2026-05-04,Solapur,0.0,41.06,27.66,12.29
2026-05-05,Solapur,0.0,42.0,30.0,6.26
2026-05-06,Solapur,0.0,40.26,29.77,11.84
2026-05-07,Solapur,0.0,38.23,26.28,9.85
2026-05-08,Solapur,1.02,38.14,25.63,12.53
2026-05-09,Solapur,0.43,39.15,28.34,12.46
2026-05-10,Solapur,0.0,41.5,29.6,8.28
2026-05-11,Solapur,0.0,41.67,30.0,14.29
2026-05-12,Solapur,0.0,40.66,30.0,8.87
2026-05-13,Solapur,0.0,37.67,27.53,6.22
2026-05-14,Solapur,0.0,40.8,30.0,11.25
2026-05-15,Solapur,0.55,42.0,28.15,7.13
2026-05-16,Solapur,0.0,40.42,29.15,11.09
2026-05-17,Solapur,0.0,40.34,27.68,8.16
2026-05-18,Solapur,0.0,41.06,28.42,6.92
2026-05-19,Solapur,0.0,40.79,30.0,4.52
2026-05-20,Solapur,0.0,39.74,29.84,11.2
2026-05-21,Solapur,0.0,40.15,30.0,4.43
2026-05-22,Solapur,0.0,40.07,30.0,11.79
2026-05-23,Solapur,1.02,41.84,30.0,6.78
2026-05-24,Solapur,0.0,39.91,27.12,7.75
2026-05-25,Solapur,0.4,42.0,29.29,3.65
2026-05-26,Solapur,0.0,39.96,30.0,6.39
2026-05-27,Solapur,0.0,41.1,30.0,11.4
2026-05-28,Solapur,0.0,39.69,30.0,10.39
2026-05-29,Solapur,0.0,38.82,24.96,9.55
2026-05-30,Solapur,0.0,39.92,26.31,7.66
2026-05-31,Solapur,1.02,41.15,30.0,10.08
2026-06-01,Solapur,8.18,39.88,26.89,10.89
2026-06-02,Solapur,12.72,39.47,26.72,10.54
2026-06-03,Solapur,8.42,39.98,30.0,13.25
2026-06-04,Solapur,13.85,36.87,26.19,15.22
2026-06-05,Solapur,8.47,39.04,29.75,12.68
2026-06-06,Solapur,11.98,39.21,28.98,15.69
2026-06-07,Solapur,10.21,35.79,23.38,12.56
2026-06-08,Solapur,14.41,39.08,29.12,12.5
2026-06-09,Solapur,12.7,41.68,30.0,10.1
2026-06-10,Solapur,8.75,40.57,27.59,15.44
2026-06-11,Solapur,11.1,42.0,30.0,10.64
2026-06-12,Solapur,12.26,39.16,26.74,8.18
2026-06-13,Solapur,13.54,41.04,30.0,8.12
2026-06-14,Solapur,10.95,40.18,30.0,12.21
2026-06-15,Solapur,5.53,37.43,29.09,18.72
2026-06-16,Solapur,7.88,39.44,26.12,14.27
2026-06-17,Solapur,6.29,41.27,27.99,12.87
2026-06-18,Solapur,5.3,40.98,30.0,14.9
2026-06-19,Solapur,9.76,40.24,28.28,12.34
2026-06-20,Solapur,13.48,38.06,29.47,9.71
2026-06-21,Solapur,15.83,38.36,28.21,10.97
2026-06-22,Solapur,5.24,40.08,29.75,15.11
2026-06-23,Solapur,13.34,41.06,28.68,7.98
2026-06-24,Solapur,15.89,37.55,24.17,11.61
2026-06-25,Solapur,6.49,37.87,25.12,12.68
2026-06-26,Solapur,0.01,36.24,22.36,14.01
2026-06-27,Solapur,14.23,38.3,26.37,11.78
2026-06-28,Solapur,4.97,37.78,27.76,11.21
2026-06-29,Solapur,0.07,37.94,29.1,5.81
2026-06-30,Solapur,6.93,38.94,28.36,16.56
2026-07-01,Solapur,9.98,40.6,30.0,15.44
2026-07-02,Solapur,1.03,41.8,30.0,15.96
2026-07-03,Solapur,6.62,37.96,30.0,9.05
2026-07-04,Solapur,15.44,38.97,27.11,11.63
2026-07-05,Solapur,12.81,38.3,25.63,9.83
2026-07-06,Solapur,7.14,37.5,29.36,12.7
2026-07-07,Solapur,1.99,37.09,27.5,11.7
2026-07-08,Solapur,1.51,39.63,30.0,15.62
2026-07-09,Solapur,14.32,38.09,29.41,11.35
2026-07-10,Solapur,1.81,37.03,25.67,13.72
2026-07-11,Solapur,6.37,31.91,20.73,15.89
2026-07-12,Solapur,14.02,38.26,29.51,13.48
2026-07-13,Solapur,1.01,36.74,24.55,10.53
2026-07-14,Solapur,6.91,38.49,25.02,17.2
2026-07-15,Solapur,1.69,36.83,25.99,8.68
2026-07-16,Solapur,8.04,36.04,29.03,14.18
2026-07-17,Solapur,1.89,34.27,22.75,12.7
2026-07-18,Solapur,13.63,38.18,28.11,11.84
2026-07-19,Solapur,11.58,35.74,24.96,11.88
2026-07-20,Solapur,9.47,35.55,23.36,15.38
2026-07-21,Solapur,0.94,37.63,24.77,9.35
2026-07-22,Solapur,16.94,36.99,24.15,12.48
2026-07-23,Solapur,5.55,37.16,28.32,15.9
2026-07-24,Solapur,6.07,33.15,20.55,14.61
2026-07-25,Solapur,14.36,34.03,26.79,12.08
2026-07-26,Solapur,0.66,37.85,27.01,12.26
2026-07-27,Solapur,1.72,34.98,26.16,13.02
2026-07-28,Solapur,1.17,33.7,21.21,12.18
2026-07-29,Solapur,9.59,34.51,22.49,15.68
2026-07-30,Solapur,1.44,34.31,26.67,13.18
2026-07-31,Solapur,0.9,31.17,23.2,16.98
2026-08-01,Solapur,9.27,34.6,27.28,16.2
2026-08-02,Solapur,0.9,32.98,25.5,15.83
2026-08-03,Solapur,0.36,37.56,30.0,11.68
2026-08-04,Solapur,8.07,35.46,21.9,11.28
2026-08-05,Solapur,1.75,34.58,21.26,11.3
2026-08-06,Solapur,1.91,33.4,24.1,12.44
2026-08-07,Solapur,4.85,33.56,26.45,11.93
2026-08-08,Solapur,1.77,34.26,23.59,12.51
2026-08-09,Solapur,0.78,35.27,25.31,12.61
2026-08-10,Solapur,1.96,34.25,22.68,9.16
2026-08-11,Solapur,16.22,31.52,23.52,19.85
2026-08-12,Solapur,16.28,37.18,24.63,13.63
2026-08-13,Solapur,1.52,31.28,23.35,16.64
2026-08-14,Solapur,4.78,28.12,16.44,11.43
2026-08-15,Solapur,17.0,32.16,20.22,12.88
2026-08-16,Solapur,0.46,35.91,26.15,14.47
2026-08-17,Solapur,0.84,36.0,28.72,11.38
2026-08-18,Solapur,7.68,32.48,21.8,12.35
2026-08-19,Solapur,1.35,34.78,24.77,8.69
2026-08-20,Solapur,5.74,33.71,23.01,13.01
2026-08-21,Solapur,0.01,30.51,21.62,9.79
2026-08-22,Solapur,7.25,34.76,24.18,18.08
2026-08-23,Solapur,9.8,31.44,21.83,9.46
2026-08-24,Solapur,0.61,32.42,20.28,8.7
2026-08-25,Solapur,0.98,36.05,24.62,17.0
2026-08-26,Solapur,1.92,31.74,23.28,17.69
2026-08-27,Solapur,1.38,35.51,23.6,15.31
2026-08-28,Solapur,9.36,30.47,18.63,15.71
2026-08-29,Solapur,9.02,33.67,20.4,11.84
2026-08-30,Solapur,9.22,30.56,20.58,16.1
2026-08-31,Solapur,10.24,37.47,28.69,11.72
2026-09-01,Solapur,15.31,31.27,22.82,11.18
2026-09-02,Solapur,12.4,33.4,24.72,8.63
2026-09-03,Solapur,0.46,27.03,15.0,11.14
2024-08-01,Aurangabad,14.22,33.16,24.49,11.29
2024-08-02,Aurangabad,18.66,30.6,19.72,9.77
2024-08-03,Aurangabad,8.3,34.99,22.22,11.26
2024-08-04,Aurangabad,0.95,33.53,25.52,13.76
2024-08-05,Aurangabad,10.48,34.24,20.37,13.31
2024-08-06,Aurangabad,17.87,33.33,25.51,13.79
2024-08-07,Aurangabad,13.62,33.57,25.56,9.13
2024-08-08,Aurangabad,7.9,34.0,20.63,11.71
2024-08-09,Aurangabad,0.15,32.07,21.98,18.2
2024-08-10,Aurangabad,17.56,31.2,24.15,14.28
2024-08-11,Aurangabad,9.93,29.52,16.13,17.3
2024-08-12,Aurangabad,0.8,33.37,25.79,12.9
2024-08-13,Aurangabad,9.18,30.85,17.75,14.46
2024-08-14,Aurangabad,19.47,32.04,18.53,15.82
2024-08-15,Aurangabad,0.86,31.39,24.31,12.83
2024-08-16,Aurangabad,7.0,31.07,22.01,11.13
2024-08-17,Aurangabad,1.44,32.36,20.34,8.96
2024-08-18,Aurangabad,1.95,33.03,20.75,9.21
2024-08-19,Aurangabad,6.94,32.81,22.46,9.63
2024-08-20,Aurangabad,11.94,30.83,23.69,14.59
2024-08-21,Aurangabad,17.32,29.98,18.86,11.06
2024-08-22,Aurangabad,15.48,30.93,21.21,18.57
2024-08-23,Aurangabad,1.71,32.45,18.91,18.99
2024-08-24,Aurangabad,20.42,30.42,16.61,13.61
2024-08-25,Aurangabad,17.63,32.25,20.65,12.29
2024-08-26,Aurangabad,6.75,31.1,23.47,15.91
2024-08-27,Aurangabad,16.31,31.2,21.38,18.18
2024-08-28,Aurangabad,17.3,32.12,18.68,14.75
2024-08-29,Aurangabad,1.09,29.22,18.64,15.36
2024-08-30,Aurangabad,0.44,27.42,18.41,10.18
2024-08-31,Aurangabad,0.99,31.24,17.34,14.08
2024-09-01,Aurangabad,15.04,30.06,21.53,21.71
2024-09-02,Aurangabad,1.96,30.81,23.79,14.7
2024-09-03,Aurangabad,20.36,28.75,15.81,14.05
2024-09-04,Aurangabad,19.6,27.59,19.09,20.21
2024-09-05,Aurangabad,16.13,30.62,16.72,10.23
2024-09-06,Aurangabad,6.27,28.82,16.65,7.54
2024-09-07,Aurangabad,11.12,28.59,18.77,19.16
2024-09-08,Aurangabad,10.4,27.44,19.21,17.97
2024-09-09,Aurangabad,16.9,25.23,15.0,11.75
2024-09-10,Aurangabad,0.69,30.19,22.91,16.84
2024-09-11,Aurangabad,8.4,28.21,19.93,19.45
2024-09-12,Aurangabad,17.49,29.2,21.32,9.64
2024-09-13,Aurangabad,6.87,28.87,15.07,12.04
2024-09-14,Aurangabad,9.36,27.81,18.1,4.46
2024-09-15,Aurangabad,13.62,29.88,21.71,8.17
2024-09-16,Aurangabad,0.89,29.29,18.67,13.5
2024-09-17,Aurangabad,1.39,28.33,19.91,10.85
2024-09-18,Aurangabad,7.64,28.99,15.55,13.99
2024-09-19,Aurangabad,7.32,30.9,18.57,10.63
2024-09-20,Aurangabad,0.37,27.65,15.0,19.88
2024-09-21,Aurangabad,12.19,30.51,22.64,7.04
2024-09-22,Aurangabad,1.73,28.42,15.14,8.91
2024-09-23,Aurangabad,0.56,25.01,16.46,12.89
2024-09-24,Aurangabad,6.06,26.01,17.4,12.77
2024-09-25,Aurangabad,1.44,27.31,15.0,14.04
2024-09-26,Aurangabad,1.09,25.91,15.0,9.49
2024-09-27,Aurangabad,13.09,28.33,16.69,15.93
2024-09-28,Aurangabad,1.32,25.1,15.0,13.75
2024-09-29,Aurangabad,1.19,28.99,20.19,9.68
2024-09-30,Aurangabad,7.99,28.56,18.94,14.69
2024-10-01,Aurangabad,0.0,29.4,17.9,7.01
2024-10-02,Aurangabad,0.0,24.64,16.22,9.02
2024-10-03,Aurangabad,0.0,23.09,15.0,7.86
2024-10-04,Aurangabad,0.0,26.71,16.44,12.82
2024-10-05,Aurangabad,0.0,29.63,17.91,7.73
2024-10-06,Aurangabad,0.0,25.8,15.62,12.04
2024-10-07,Aurangabad,0.0,25.22,15.94,12.12
2024-10-08,Aurangabad,1.49,26.36,18.94,10.76
2024-10-09,Aurangabad,0.0,27.21,15.0,8.94
2024-10-10,Aurangabad,0.0,26.97,15.97,8.75
2024-10-11,Aurangabad,0.0,22.6,15.0,6.87
2024-10-12,Aurangabad,0.0,23.11,15.0,9.37
2024-10-13,Aurangabad,0.0,23.52,15.0,4.84
2024-10-14,Aurangabad,0.0,25.44,15.0,11.22
2024-10-15,Aurangabad,0.0,21.68,15.0,10.52
2024-10-16,Aurangabad,0.0,27.5,19.33,10.76
2024-10-17,Aurangabad,0.0,23.83,15.0,2.94
2024-10-18,Aurangabad,0.0,24.93,15.0,7.66
2024-10-19,Aurangabad,0.0,26.07,17.06,3.82
2024-10-20,Aurangabad,0.0,27.21,18.64,6.74
2024-10-21,Aurangabad,0.0,22.48,15.0,7.93
2024-10-22,Aurangabad,0.0,24.87,15.0,8.34
2024-10-23,Aurangabad,0.4,26.14,15.0,6.19
2024-10-24,Aurangabad,0.0,29.58,16.06,8.9
2024-10-25,Aurangabad,0.0,25.61,15.0,9.29
2024-10-26,Aurangabad,0.0,27.9,19.57,9.92
2024-10-27,Aurangabad,0.02,26.32,19.14,6.45
2024-10-28,Aurangabad,0.0,23.8,15.0,9.36
2024-10-29,Aurangabad,1.54,25.36,15.0,14.37
2024-10-30,Aurangabad,0.0,25.49,15.0,8.05
2024-10-31,Aurangabad,0.0,25.82,15.53,8.74
2024-11-01,Aurangabad,1.89,21.0,15.0,3.84
2024-11-02,Aurangabad,1.59,24.04,15.0,14.27
2024-11-03,Aurangabad,0.0,23.27,15.0,12.15
2024-11-04,Aurangabad,0.0,22.88,15.0,12.62
2024-11-05,Aurangabad,0.0,22.46,15.0,11.83
2024-11-06,Aurangabad,0.0,26.94,17.78,9.98
2024-11-07,Aurangabad,0.0,23.29,15.0,8.93
2024-11-08,Aurangabad,1.66,23.77,15.0,7.68
2024-11-09,Aurangabad,1.76,25.5,15.0,7.97
2024-11-10,Aurangabad,0.05,23.95,15.0,10.04
2024-11-11,Aurangabad,0.0,21.02,15.0,14.64
2024-11-12,Aurangabad,0.28,25.48,17.66,10.39
2024-11-13,Aurangabad,0.0,23.58,15.0,4.81
2024-11-14,Aurangabad,0.0,22.18,15.0,6.91
2024-11-15,Aurangabad,0.88,23.68,15.0,9.81
2024-11-16,Aurangabad,0.15,24.89,15.0,5.59
2024-11-17,Aurangabad,0.0,24.04,15.99,7.69
2024-11-18,Aurangabad,0.0,25.47,15.0,10.35
2024-11-19,Aurangabad,0.0,26.31,15.0,14.88
2024-11-20,Aurangabad,0.0,26.45,16.95,12.76
2024-11-21,Aurangabad,0.87,21.0,15.0,13.62
2024-11-22,Aurangabad,0.0,25.06,15.52,10.21
2024-11-23,Aurangabad,0.0,25.74,15.0,8.65
2024-11-24,Aurangabad,0.0,25.93,15.0,5.17
2024-11-25,Aurangabad,1.24,25.87,15.0,6.2
2024-11-26,Aurangabad,0.0,22.51,15.0,15.82
2024-11-27,Aurangabad,0.0,22.76,15.53,13.23
2024-11-28,Aurangabad,0.21,22.31,15.0,5.19
2024-11-29,Aurangabad,0.0,23.31,15.0,8.47
2024-11-30,Aurangabad,0.0,23.69,15.0,8.65
2024-12-01,Aurangabad,1.65,24.59,16.56,8.54
2024-12-02,Aurangabad,0.0,25.75,15.0,5.87
2024-12-03,Aurangabad,0.0,24.33,15.32,6.46
2024-12-04,Aurangabad,0.0,27.26,17.3,10.39
2024-12-05,Aurangabad,0.0,22.28,15.0,14.01
2024-12-06,Aurangabad,0.96,24.8,16.77,11.79
2024-12-07,Aurangabad,0.0,25.77,15.0,7.94
2024-12-08,Aurangabad,0.0,25.24,15.0,7.1
2024-12-09,Aurangabad,0.0,26.22,15.0,2.92
2024-12-10,Aurangabad,0.0,23.57,15.0,6.83
2024-12-11,Aurangabad,0.0,21.46,15.0,9.04
2024-12-12,Aurangabad,0.0,25.61,15.0,11.09
2024-12-13,Aurangabad,0.0,25.04,15.0,11.31
2024-12-14,Aurangabad,0.0,25.21,16.39,10.67
2024-12-15,Aurangabad,0.0,23.93,15.0,11.57
2024-12-16,Aurangabad,0.0,22.88,15.0,6.07
2024-12-17,Aurangabad,0.82,24.81,15.0,8.29
2024-12-18,Aurangabad,0.0,27.37,15.41,5.43
2024-12-19,Aurangabad,0.0,22.18,15.0,12.5
2024-12-20,Aurangabad,0.0,21.57,15.0,9.31
2024-12-21,Aurangabad,1.21,24.72,15.0,12.72
2024-12-22,Aurangabad,0.0,28.03,18.18,4.87
2024-12-23,Aurangabad,0.0,23.64,15.84,9.63
2024-12-24,Aurangabad,0.05,26.44,15.48,10.45
2024-12-25,Aurangabad,0.0,25.63,15.0,7.67
2024-12-26,Aurangabad,0.0,23.51,15.0,7.98
2024-12-27,Aurangabad,1.79,23.86,15.0,10.28
2024-12-28,Aurangabad,0.0,28.88,17.59,8.47
2024-12-29,Aurangabad,1.67,30.03,20.06,5.97
2024-12-30,Aurangabad,0.0,28.85,21.25,12.61
2024-12-31,Aurangabad,0.0,24.89,15.0,7.4
2025-01-01,Aurangabad,1.72,25.4,17.72,10.89
2025-01-02,Aurangabad,1.48,27.4,15.0,9.48
2025-01-03,Aurangabad,0.0,25.68,15.0,8.92
2025-01-04,Aurangabad,0.8,26.8,17.97,6.9
2025-01-05,Aurangabad,0.0,26.93,16.42,8.43
2025-01-06,Aurangabad,0.0,25.8,15.0,2.22
2025-01-07,Aurangabad,0.0,27.16,17.68,7.78
2025-01-08,Aurangabad,0.0,28.33,15.0,7.46
2025-01-09,Aurangabad,0.0,24.76,15.0,12.4
2025-01-10,Aurangabad,0.29,26.07,17.74,9.62
2025-01-11,Aurangabad,0.0,25.09,15.0,4.54
2025-01-12,Aurangabad,0.0,29.9,20.88,7.75
2025-01-13,Aurangabad,0.0,28.27,15.57,5.27
2025-01-14,Aurangabad,0.0,26.06,15.99,9.45
2025-01-15,Aurangabad,0.0,29.18,16.53,8.12
2025-01-16,Aurangabad,1.92,30.05,22.3,9.08
2025-01-17,Aurangabad,0.0,27.45,15.0,14.77
2025-01-18,Aurangabad,1.46,26.3,15.0,13.91
2025-01-19,Aurangabad,0.0,28.9,19.13,11.75
2025-01-20,Aurangabad,0.0,29.55,18.24,13.91
2025-01-21,Aurangabad,0.0,30.88,23.7,4.98
2025-01-22,Aurangabad,0.0,30.9,19.77,6.36
2025-01-23,Aurangabad,0.0,28.49,18.02,6.33
2025-01-24,Aurangabad,0.99,28.7,17.16,8.27
2025-01-25,Aurangabad,0.0,33.7,22.56,5.81
2025-01-26,Aurangabad,1.87,29.04,15.98,5.73
2025-01-27,Aurangabad,0.0,30.14,17.39,7.91
2025-01-28,Aurangabad,0.34,27.22,18.92,7.09
2025-01-29,Aurangabad,1.81,28.09,16.78,4.86
2025-01-30,Aurangabad,0.0,26.12,18.03,9.79
2025-01-31,Aurangabad,0.0,30.47,17.18,12.47
2025-02-01,Aurangabad,1.04,29.77,22.03,7.91
2025-02-02,Aurangabad,0.31,34.73,22.05,7.26
2025-02-03,Aurangabad,0.0,29.54,16.4,6.23
2025-02-04,Aurangabad,0.0,28.64,15.85,6.04
2025-02-05,Aurangabad,0.0,29.21,16.93,12.01
2025-02-06,Aurangabad,0.0,31.52,18.8,12.49
2025-02-07,Aurangabad,0.0,30.11,18.08,11.23
2025-02-08,Aurangabad,0.0,29.83,17.97,9.89
2025-02-09,Aurangabad,0.0,33.17,23.95,9.61
2025-02-10,Aurangabad,0.0,27.12,15.0,11.45
2025-02-11,Aurangabad,0.0,32.91,20.22,2.45
2025-02-12,Aurangabad,0.0,29.49,16.34,12.3
2025-02-13,Aurangabad,0.0,31.1,21.52,6.75
2025-02-14,Aurangabad,0.79,32.64,20.97,8.73
2025-02-15,Aurangabad,0.0,32.65,21.58,13.05
2025-02-16,Aurangabad,0.0,31.58,24.1,7.91
2025-02-17,Aurangabad,0.0,32.01,20.97,8.91
2025-02-18,Aurangabad,0.0,32.83,19.08,11.71
2025-02-19,Aurangabad,1.87,35.66,23.81,8.53
2025-02-20,Aurangabad,0.0,33.2,23.15,8.84
2025-02-21,Aurangabad,0.0,30.15,22.74,10.75
2025-02-22,Aurangabad,0.0,31.71,21.74,16.1
2025-02-23,Aurangabad,0.0,31.03,18.9,9.57
2025-02-24,Aurangabad,0.0,35.81,25.21,9.67
2025-02-25,Aurangabad,0.0,32.31,21.1,7.78
2025-02-26,Aurangabad,0.0,32.82,20.62,10.46
2025-02-27,Aurangabad,0.0,32.64,19.88,13.51
2025-02-28,Aurangabad,0.0,32.34,22.64,8.01
2025-03-01,Aurangabad,1.87,32.28,23.43,11.68
2025-03-02,Aurangabad,0.0,32.84,19.94,12.27
2025-03-03,Aurangabad,0.0,35.11,26.59,4.72
2025-03-04,Aurangabad,0.0,32.11,19.57,5.78
2025-03-05,Aurangabad,0.0,30.81,20.93,9.05
2025-03-06,Aurangabad,0.65,30.14,22.1,8.99
2025-03-07,Aurangabad,0.0,35.55,28.27,6.35
2025-03-08,Aurangabad,0.0,36.94,27.56,3.86
2025-03-09,Aurangabad,0.0,33.18,22.49,4.46
2025-03-10,Aurangabad,0.0,34.15,25.0,5.85
2025-03-11,Aurangabad,0.0,34.4,22.35,9.85
2025-03-12,Aurangabad,1.77,35.8,26.91,6.24
2025-03-13,Aurangabad,0.03,34.74,26.19,7.15
2025-03-14,Aurangabad,0.81,37.41,28.89,9.14
2025-03-15,Aurangabad,0.0,31.96,20.07,11.23
2025-03-16,Aurangabad,0.26,36.33,26.86,8.04
2025-03-17,Aurangabad,0.0,32.22,21.1,14.71
2025-03-18,Aurangabad,1.66,38.33,28.89,10.74
2025-03-19,Aurangabad,0.0,35.42,23.42,10.98
2025-03-20,Aurangabad,1.13,36.39,24.11,4.88
2025-03-21,Aurangabad,0.0,36.99,23.74,11.23
2025-03-22,Aurangabad,0.66,37.61,27.77,3.17
2025-03-23,Aurangabad,0.0,37.96,27.95,7.21
2025-03-24,Aurangabad,1.96,35.28,26.6,8.1
2025-03-25,Aurangabad,0.0,38.16,29.48,5.84
2025-03-26,Aurangabad,0.0,36.06,26.78,10.53
2025-03-27,Aurangabad,0.0,35.34,22.0,9.44
2025-03-28,Aurangabad,0.0,36.43,26.69,6.39
2025-03-29,Aurangabad,0.0,37.11,24.97,13.1
2025-03-30,Aurangabad,0.0,35.69,27.96,7.39
2025-03-31,Aurangabad,0.0,36.5,28.82,6.49
2025-04-01,Aurangabad,0.0,38.35,26.15,10.98
2025-04-02,Aurangabad,0.0,34.3,21.68,6.03
2025-04-03,Aurangabad,0.0,38.3,30.0,6.8
2025-04-04,Aurangabad,0.0,39.95,28.92,8.79
2025-04-05,Aurangabad,0.0,39.01,29.82,11.22
2025-04-06,Aurangabad,0.0,37.1,23.14,7.37
2025-04-07,Aurangabad,0.0,37.18,29.46,9.47
2025-04-08,Aurangabad,0.0,40.29,30.0,8.59
2025-04-09,Aurangabad,0.0,37.16,27.85,10.51
2025-04-10,Aurangabad,0.0,35.39,26.38,9.43
2025-04-11,Aurangabad,0.0,38.19,25.15,14.03
2025-04-12,Aurangabad,0.0,36.22,29.17,10.36
2025-04-13,Aurangabad,0.0,36.72,28.92,7.51
2025-04-14,Aurangabad,0.0,37.91,30.0,12.92
2025-04-15,Aurangabad,0.0,37.07,24.56,2.25
2025-04-16,Aurangabad,0.0,39.62,25.84,7.1
2025-04-17,Aurangabad,0.0,37.87,27.17,4.18
2025-04-18,Aurangabad,0.0,38.92,29.64,8.17
2025-04-19,Aurangabad,0.0,39.29,30.0,3.84
2025-04-20,Aurangabad,0.0,41.04,30.0,8.47
2025-04-21,Aurangabad,0.0,40.8,29.9,7.72
2025-04-22,Aurangabad,0.0,39.03,30.0,7.3
2025-04-23,Aurangabad,0.0,38.25,30.0,10.27
2025-04-24,Aurangabad,0.86,39.58,30.0,7.81
2025-04-25,Aurangabad,0.0,38.77,30.0,17.08
2025-04-26,Aurangabad,0.0,38.0,30.0,10.49
2025-04-27,Aurangabad,1.71,36.58,26.69,5.65
2025-04-28,Aurangabad,0.0,39.43,27.94,13.74
2025-04-29,Aurangabad,0.0,41.25,30.0,11.32
2025-04-30,Aurangabad,0.0,36.12,22.46,11.1
2025-05-01,Aurangabad,0.0,40.98,30.0,10.89
2025-05-02,Aurangabad,0.45,36.84,24.74,11.84
2025-05-03,Aurangabad,0.0,39.85,26.58,10.96
2025-05-04,Aurangabad,0.0,37.1,27.83,10.78
2025-05-05,Aurangabad,0.0,38.82,28.03,5.94
2025-05-06,Aurangabad,0.0,36.92,23.71,7.9
2025-05-07,Aurangabad,0.0,37.88,25.97,10.25
2025-05-08,Aurangabad,0.0,41.48,30.0,14.46
2025-05-09,Aurangabad,0.05,38.32,27.63,11.39
2025-05-10,Aurangabad,0.0,37.61,24.18,8.7
2025-05-11,Aurangabad,1.1,37.58,28.59,4.85
2025-05-12,Aurangabad,0.0,37.65,29.78,2.0
2025-05-13,Aurangabad,0.0,40.01,27.44,9.49
2025-05-14,Aurangabad,0.0,39.95,28.93,9.98
2025-05-15,Aurangabad,1.94,40.17,30.0,7.87
2025-05-16,Aurangabad,0.0,38.89,28.23,12.02
2025-05-17,Aurangabad,0.0,38.28,25.23,9.46
2025-05-18,Aurangabad,0.0,39.94,26.62,8.98
2025-05-19,Aurangabad,0.0,38.39,27.92,9.43
2025-05-20,Aurangabad,0.0,35.62,23.64,8.19
2025-05-21,Aurangabad,0.0,39.73,27.24,10.24
2025-05-22,Aurangabad,0.0,38.18,24.49,11.98
2025-05-23,Aurangabad,1.25,37.73,26.17,5.03
2025-05-24,Aurangabad,0.0,38.87,30.0,9.85
2025-05-25,Aurangabad,0.0,39.38,28.02,9.46
2025-05-26,Aurangabad,0.0,40.44,27.4,9.51
2025-05-27,Aurangabad,0.0,41.12,27.43,6.0
2025-05-28,Aurangabad,0.0,36.48,26.38,7.19
2025-05-29,Aurangabad,0.0,39.24,30.0,6.86
2025-05-30,Aurangabad,1.03,40.92,27.22,15.16
2025-05-31,Aurangabad,0.0,40.92,30.0,14.09
2025-06-01,Aurangabad,17.43,40.32,30.0,14.65
2025-06-02,Aurangabad,4.84,40.04,28.21,16.54
2025-06-03,Aurangabad,0.18,39.18,30.0,15.72
2025-06-04,Aurangabad,0.59,39.63,30.0,10.58
2025-06-05,Aurangabad,12.95,40.21,28.39,10.45
2025-06-06,Aurangabad,0.14,37.25,24.72,20.95
2025-06-07,Aurangabad,16.96,40.79,30.0,14.63
2025-06-08,Aurangabad,19.54,41.12,30.0,8.79
2025-06-09,Aurangabad,1.99,42.0,30.0,13.45
2025-06-10,Aurangabad,0.08,39.01,30.0,9.91
2025-06-11,Aurangabad,16.42,37.09,25.29,8.93
2025-06-12,Aurangabad,15.01,38.19,25.39,14.86
2025-06-13,Aurangabad,0.15,38.9,26.64,15.09
2025-06-14,Aurangabad,6.95,39.42,30.0,9.59
2025-06-15,Aurangabad,17.95,40.22,29.49,9.01
2025-06-16,Aurangabad,5.06,38.5,27.55,13.04
2025-06-17,Aurangabad,15.16,35.7,24.88,12.15
2025-06-18,Aurangabad,1.82,37.82,24.28,13.15
2025-06-19,Aurangabad,4.73,37.54,29.22,16.62
2025-06-20,Aurangabad,5.6,36.59,26.5,9.01
2025-06-21,Aurangabad,12.37,37.0,24.18,5.45
2025-06-22,Aurangabad,1.25,38.0,27.12,12.55
2025-06-23,Aurangabad,8.28,38.07,26.29,12.88
2025-06-24,Aurangabad,12.33,41.34,28.29,17.65
2025-06-25,Aurangabad,15.07,38.63,29.2,15.52
2025-06-26,Aurangabad,1.86,40.98,30.0,16.53
2025-06-27,Aurangabad,15.05,36.07,23.87,12.16
2025-06-28,Aurangabad,4.8,37.11,25.45,11.6
2025-06-29,Aurangabad,15.76,37.49,25.24,10.8
2025-06-30,Aurangabad,9.28,34.42,22.19,13.27
2025-07-01,Aurangabad,9.23,36.61,29.23,13.24
2025-07-02,Aurangabad,11.01,35.65,26.02,13.3
2025-07-03,Aurangabad,10.53,37.4,29.96,6.26
2025-07-04,Aurangabad,0.79,36.8,23.83,9.84
2025-07-05,Aurangabad,7.67,39.45,27.95,12.7
2025-07-06,Aurangabad,15.5,38.8,25.41,15.02
2025-07-07,Aurangabad,11.84,35.36,23.84,17.21
2025-07-08,Aurangabad,0.56,36.3,28.56,13.06
2025-07-09,Aurangabad,20.09,33.67,25.5,13.91
2025-07-10,Aurangabad,20.3,38.3,27.39,10.97
2025-07-11,Aurangabad,15.97,36.58,24.11,11.85
2025-07-12,Aurangabad,0.59,35.12,23.87,19.45
2025-07-13,Aurangabad,15.69,37.76,26.8,15.17
2025-07-14,Aurangabad,0.09,34.17,22.28,13.52
2025-07-15,Aurangabad,0.43,37.73,24.1,14.1
2025-07-16,Aurangabad,1.56,34.5,25.85,17.55
2025-07-17,Aurangabad,20.17,36.18,27.96,12.76
2025-07-18,Aurangabad,9.8,37.94,25.9,16.53
2025-07-19,Aurangabad,13.62,35.19,26.49,12.67
2025-07-20,Aurangabad,8.46,35.27,23.75,15.31
2025-07-21,Aurangabad,9.05,31.99,20.89,16.44
2025-07-22,Aurangabad,5.62,35.37,22.76,9.55
2025-07-23,Aurangabad,18.23,33.83,24.99,9.59
2025-07-24,Aurangabad,1.9,38.4,30.0,10.33
2025-07-25,Aurangabad,20.15,33.49,24.9,10.84
2025-07-26,Aurangabad,4.87,35.45,26.16,10.46
2025-07-27,Aurangabad,6.7,33.12,21.12,16.0
2025-07-28,Aurangabad,10.25,34.16,25.94,12.76
2025-07-29,Aurangabad,13.13,33.37,22.37,9.08
2025-07-30,Aurangabad,18.09,34.73,21.48,18.3
2025-07-31,Aurangabad,0.21,33.64,22.5,9.21
2025-08-01,Aurangabad,0.34,34.12,23.65,14.85
2025-08-02,Aurangabad,1.08,32.99,21.98,13.32
2025-08-03,Aurangabad,12.62,31.92,19.32,14.45
2025-08-04,Aurangabad,7.92,32.58,25.04,10.51
2025-08-05,Aurangabad,5.48,33.58,23.01,11.78
2025-08-06,Aurangabad,19.79,31.05,17.31,13.08
2025-08-07,Aurangabad,6.33,33.93,23.89,11.22
2025-08-08,Aurangabad,13.51,33.82,21.26,10.78
2025-08-09,Aurangabad,18.05,34.12,25.92,15.0
2025-08-10,Aurangabad,20.41,31.14,22.37,11.31
2025-08-11,Aurangabad,1.71,33.5,24.7,15.46
2025-08-12,Aurangabad,0.82,31.71,18.55,8.66
2025-08-13,Aurangabad,12.63,33.54,19.59,11.56
2025-08-14,Aurangabad,0.41,32.08,20.81,11.68
2025-08-15,Aurangabad,0.63,33.48,25.23,11.85
2025-08-16,Aurangabad,0.65,31.58,22.2,8.14
2025-08-17,Aurangabad,5.0,31.56,17.89,8.98
2025-08-18,Aurangabad,16.61,28.62,16.25,12.98
2025-08-19,Aurangabad,11.51,33.29,24.79,18.31
2025-08-20,Aurangabad,8.72,30.97,18.84,13.19
2025-08-21,Aurangabad,0.21,33.44,23.63,17.55
2025-08-22,Aurangabad,14.17,32.34,24.77,15.76
2025-08-23,Aurangabad,1.35,30.36,20.87,14.77
2025-08-24,Aurangabad,4.63,32.26,23.55,11.55
2025-08-25,Aurangabad,1.72,33.75,22.84,9.59
2025-08-26,Aurangabad,11.28,30.18,20.76,9.11
2025-08-27,Aurangabad,15.96,31.95,19.21,11.18
2025-08-28,Aurangabad,0.15,31.87,23.75,14.15
2025-08-29,Aurangabad,17.02,29.25,15.69,13.63
2025-08-30,Aurangabad,1.25,31.55,21.23,12.6
2025-08-31,Aurangabad,5.23,29.49,19.15,12.32
2025-09-01,Aurangabad,13.5,27.76,18.44,11.79
2025-09-02,Aurangabad,18.9,31.49,19.91,16.75
2025-09-03,Aurangabad,19.24,32.21,23.99,15.04
2025-09-04,Aurangabad,1.75,29.09,17.64,13.61
2025-09-05,Aurangabad,14.22,30.08,21.86,7.7
2025-09-06,Aurangabad,1.56,28.55,15.71,14.76
2025-09-07,Aurangabad,15.3,29.23,16.82,15.03
2025-09-08,Aurangabad,18.56,32.57,19.1,12.13
2025-09-09,Aurangabad,1.54,27.92,20.2,10.28
2025-09-10,Aurangabad,11.5,30.11,22.23,18.42
2025-09-11,Aurangabad,1.0,30.45,20.87,11.06
2025-09-12,Aurangabad,11.27,29.56,20.55,16.5
2025-09-13,Aurangabad,15.39,29.7,18.4,10.22
2025-09-14,Aurangabad,7.84,25.38,15.0,14.59
2025-09-15,Aurangabad,0.83,26.19,15.0,15.47
2025-09-16,Aurangabad,6.11,31.11,18.53,13.22
2025-09-17,Aurangabad,4.8,26.48,17.09,9.08
2025-09-18,Aurangabad,18.45,29.32,18.66,13.12
2025-09-19,Aurangabad,14.65,26.18,18.63,16.43
2025-09-20,Aurangabad,16.03,32.36,22.51,12.16
2025-09-21,Aurangabad,1.84,28.53,19.44,12.32
2025-09-22,Aurangabad,9.14,26.33,15.0,18.64
2025-09-23,Aurangabad,0.89,27.22,18.45,10.85
2025-09-24,Aurangabad,10.57,27.24,20.01,8.71
2025-09-25,Aurangabad,4.48,28.71,17.91,13.24
2025-09-26,Aurangabad,18.99,25.45,15.0,17.88
2025-09-27,Aurangabad,12.66,22.66,15.48,11.76
2025-09-28,Aurangabad,19.64,27.83,17.96,15.07
2025-09-29,Aurangabad,6.6,26.03,17.22,14.69
2025-09-30,Aurangabad,10.53,29.78,16.13,20.7
2025-10-01,Aurangabad,0.97,31.34,18.49,4.19
2025-10-02,Aurangabad,0.0,25.87,15.0,14.0
2025-10-03,Aurangabad,0.0,24.75,16.55,6.34
2025-10-04,Aurangabad,0.0,25.79,17.29,7.01
2025-10-05,Aurangabad,0.0,26.46,17.0,7.7
2025-10-06,Aurangabad,1.92,27.08,19.92,8.34
2025-10-07,Aurangabad,0.21,24.29,15.0,8.64
2025-10-08,Aurangabad,0.0,24.86,15.0,15.63
2025-10-09,Aurangabad,0.0,29.06,17.37,10.62
2025-10-10,Aurangabad,1.08,24.75,15.0,10.6
2025-10-11,Aurangabad,0.0,27.19,16.97,18.14
2025-10-12,Aurangabad,0.0,25.95,18.05,7.76
2025-10-13,Aurangabad,1.84,28.04,20.54,10.95
2025-10-14,Aurangabad,0.0,22.28,15.0,15.42
2025-10-15,Aurangabad,1.87,24.94,17.03,9.2
2025-10-16,Aurangabad,1.75,25.64,17.76,4.25
2025-10-17,Aurangabad,0.0,23.71,15.0,7.93
2025-10-18,Aurangabad,0.0,24.2,15.0,8.62
2025-10-19,Aurangabad,0.7,23.67,15.0,3.98
2025-10-20,Aurangabad,0.0,25.57,16.32,7.11
2025-10-21,Aurangabad,0.0,21.0,15.0,6.38
2025-10-22,Aurangabad,0.0,28.16,16.17,12.93
2025-10-23,Aurangabad,0.0,26.02,17.19,11.31
2025-10-24,Aurangabad,0.0,25.16,15.0,8.71
2025-10-25,Aurangabad,0.0,27.29,17.89,10.73
2025-10-26,Aurangabad,0.0,25.07,15.0,6.87
2025-10-27,Aurangabad,0.0,26.95,15.0,12.67
2025-10-28,Aurangabad,0.0,24.74,15.0,5.03
2025-10-29,Aurangabad,0.0,22.84,15.0,13.65
2025-10-30,Aurangabad,0.0,25.17,15.0,5.08
2025-10-31,Aurangabad,0.0,21.12,15.0,9.38
2025-11-01,Aurangabad,0.0,24.76,15.0,3.36
2025-11-02,Aurangabad,0.0,22.18,15.0,7.09
2025-11-03,Aurangabad,0.0,23.61,15.0,4.16
2025-11-04,Aurangabad,0.0,26.79,15.0,7.01
2025-11-05,Aurangabad,0.0,24.1,15.0,8.55
2025-11-06,Aurangabad,0.0,25.38,15.0,7.97
2025-11-07,Aurangabad,0.0,23.02,15.0,9.53
2025-11-08,Aurangabad,0.0,24.41,15.0,13.58
2025-11-09,Aurangabad,0.0,25.52,15.0,6.41
2025-11-10,Aurangabad,0.0,23.24,15.0,13.37
2025-11-11,Aurangabad,0.4,24.13,15.62,7.76
2025-11-12,Aurangabad,0.0,24.77,15.0,5.44
2025-11-13,Aurangabad,0.0,23.67,15.0,7.14
2025-11-14,Aurangabad,0.0,26.94,17.18,7.51
2025-11-15,Aurangabad,0.0,23.1,15.0,7.98
2025-11-16,Aurangabad,1.82,24.92,15.0,10.79
2025-11-17,Aurangabad,0.0,23.37,15.0,8.52
2025-11-18,Aurangabad,0.0,24.46,15.0,13.06
2025-11-19,Aurangabad,0.0,25.64,15.21,4.46
2025-11-20,Aurangabad,1.71,24.32,15.0,10.97
2025-11-21,Aurangabad,0.0,24.48,15.0,2.52
2025-11-22,Aurangabad,0.59,24.11,15.96,11.92
2025-11-23,Aurangabad,0.0,25.52,15.0,8.18
2025-11-24,Aurangabad,0.0,23.25,15.46,12.05
2025-11-25,Aurangabad,1.79,26.85,16.44,7.19
2025-11-26,Aurangabad,0.0,21.52,15.0,10.57
2025-11-27,Aurangabad,0.0,23.13,15.49,8.93
2025-11-28,Aurangabad,0.0,23.59,16.3,10.31
2025-11-29,Aurangabad,0.0,27.31,15.55,11.78
2025-11-30,Aurangabad,0.0,21.13,15.0,7.47
2025-12-01,Aurangabad,0.0,26.92,15.0,7.02
2025-12-02,Aurangabad,0.0,28.65,15.6,7.18
2025-12-03,Aurangabad,0.0,22.67,15.0,10.22
2025-12-04,Aurangabad,0.0,25.23,15.0,2.86
2025-12-05,Aurangabad,0.0,25.14,15.0,8.17
2025-12-06,Aurangabad,0.0,25.68,15.0,7.65
2025-12-07,Aurangabad,0.0,21.0,15.0,8.69
2025-12-08,Aurangabad,0.0,25.83,18.19,4.56
2025-12-09,Aurangabad,0.0,26.86,19.35,11.28
2025-12-10,Aurangabad,0.67,23.27,15.0,7.74
2025-12-11,Aurangabad,0.0,23.35,15.0,6.05
2025-12-12,Aurangabad,0.0,27.12,15.72,8.86
2025-12-13,Aurangabad,0.0,26.9,15.0,13.0
2025-12-14,Aurangabad,0.0,28.4,20.19,8.02
2025-12-15,Aurangabad,0.0,23.48,15.0,11.11
2025-12-16,Aurangabad,0.08,26.42,15.0,5.34
2025-12-17,Aurangabad,0.0,22.94,15.0,11.49
2025-12-18,Aurangabad,0.0,25.1,15.0,8.62
2025-12-19,Aurangabad,0.0,24.58,15.62,8.96
2025-12-20,Aurangabad,1.45,24.0,15.41,5.63
2025-12-21,Aurangabad,1.76,27.61,18.93,7.49
2025-12-22,Aurangabad,0.0,25.58,17.0,8.21
2025-12-23,Aurangabad,0.99,24.91,15.06,6.25
2025-12-24,Aurangabad,0.0,24.56,17.5,9.95
2025-12-25,Aurangabad,0.0,24.84,15.0,16.18
2025-12-26,Aurangabad,1.04,25.25,16.94,8.45
2025-12-27,Aurangabad,0.87,24.69,15.0,8.31
2025-12-28,Aurangabad,0.0,24.8,15.0,2.89
2025-12-29,Aurangabad,0.09,26.47,15.03,7.4
2025-12-30,Aurangabad,0.0,29.12,21.56,10.81
2025-12-31,Aurangabad,0.0,25.68,15.0,10.57
2026-01-01,Aurangabad,1.13,24.37,15.0,10.02
2026-01-02,Aurangabad,0.0,23.62,15.0,10.11
2026-01-03,Aurangabad,0.0,28.05,16.23,6.5
2026-01-04,Aurangabad,0.0,27.9,19.48,7.3
2026-01-05,Aurangabad,0.0,24.58,15.0,15.26
2026-01-06,Aurangabad,0.14,25.72,16.64,7.39
2026-01-07,Aurangabad,0.0,24.61,15.0,7.65
2026-01-08,Aurangabad,0.0,28.4,19.67,7.73
2026-01-09,Aurangabad,0.0,26.0,15.0,6.01
2026-01-10,Aurangabad,0.0,26.77,18.87,5.86
2026-01-11,Aurangabad,0.0,26.33,15.75,6.89
2026-01-12,Aurangabad,0.0,28.84,21.47,12.5
2026-01-13,Aurangabad,0.0,25.32,15.0,8.05
2026-01-14,Aurangabad,0.0,28.08,18.49,5.44
2026-01-15,Aurangabad,0.0,27.56,16.23,7.2
2026-01-16,Aurangabad,0.0,28.8,18.59,13.15
2026-01-17,Aurangabad,0.0,27.31,18.09,11.76
2026-01-18,Aurangabad,0.0,27.47,15.78,9.51
2026-01-19,Aurangabad,0.0,28.24,15.78,10.08
2026-01-20,Aurangabad,0.0,30.42,17.03,4.39
2026-01-21,Aurangabad,0.3,30.21,21.28,11.02
2026-01-22,Aurangabad,0.0,29.77,20.09,12.17
2026-01-23,Aurangabad,0.0,29.55,22.09,7.69
2026-01-24,Aurangabad,1.64,30.62,21.4,8.2
2026-01-25,Aurangabad,0.0,27.13,15.0,16.01
2026-01-26,Aurangabad,0.0,28.48,21.39,8.49
2026-01-27,Aurangabad,0.73,29.1,21.77,10.89
2026-01-28,Aurangabad,0.0,29.58,19.07,11.05
2026-01-29,Aurangabad,1.74,28.68,16.45,9.16
2026-01-30,Aurangabad,0.0,29.63,18.5,8.02
2026-01-31,Aurangabad,1.35,28.93,21.57,10.94
2026-02-01,Aurangabad,0.0,26.09,16.91,4.97
2026-02-02,Aurangabad,1.19,27.86,15.0,10.37
2026-02-03,Aurangabad,0.0,32.26,21.68,14.59
2026-02-04,Aurangabad,0.0,31.27,23.25,10.29
2026-02-05,Aurangabad,0.04,30.0,20.92,11.69
2026-02-06,Aurangabad,1.35,29.73,18.89,7.37
2026-02-07,Aurangabad,0.0,29.83,20.39,13.66
2026-02-08,Aurangabad,1.98,28.32,17.75,11.86
2026-02-09,Aurangabad,0.44,31.21,18.64,8.28
2026-02-10,Aurangabad,0.0,31.2,21.72,14.08
2026-02-11,Aurangabad,0.0,30.58,18.71,5.9
2026-02-12,Aurangabad,1.54,28.49,17.79,4.66
2026-02-13,Aurangabad,0.0,34.65,25.43,11.74
2026-02-14,Aurangabad,0.0,32.09,18.24,7.93
2026-02-15,Aurangabad,1.85,33.83,23.81,2.72
2026-02-16,Aurangabad,0.0,30.11,17.56,2.0
2026-02-17,Aurangabad,1.91,29.43,20.43,6.69
2026-02-18,Aurangabad,0.0,29.38,21.19,8.39
2026-02-19,Aurangabad,0.0,34.41,24.73,4.46
2026-02-20,Aurangabad,0.0,29.61,19.45,12.78
2026-02-21,Aurangabad,0.0,34.66,20.68,6.68
2026-02-22,Aurangabad,0.81,31.88,22.3,9.13
2026-02-23,Aurangabad,0.0,35.54,26.87,7.25
2026-02-24,Aurangabad,0.0,32.83,22.55,12.02
2026-02-25,Aurangabad,0.0,32.82,19.14,6.48
2026-02-26,Aurangabad,0.0,32.57,23.38,9.16
2026-02-27,Aurangabad,0.0,32.17,19.66,14.05
2026-02-28,Aurangabad,0.0,33.72,22.2,11.74
2026-03-01,Aurangabad,0.0,34.48,20.88,10.01
2026-03-02,Aurangabad,1.03,35.11,22.12,11.98
2026-03-03,Aurangabad,1.38,37.07,29.46,6.57
2026-03-04,Aurangabad,0.0,35.97,23.45,10.06
2026-03-05,Aurangabad,0.0,33.55,25.09,10.27
2026-03-06,Aurangabad,0.0,34.83,23.95,9.13
2026-03-07,Aurangabad,0.0,34.96,25.38,5.77
2026-03-08,Aurangabad,0.0,34.25,20.38,9.33
2026-03-09,Aurangabad,1.99,36.04,22.7,5.07
2026-03-10,Aurangabad,1.3,32.4,21.69,5.19
2026-03-11,Aurangabad,0.0,36.29,26.07,7.43
2026-03-12,Aurangabad,0.0,32.88,20.11,10.56
2026-03-13,Aurangabad,0.0,33.74,22.51,9.27
2026-03-14,Aurangabad,1.62,32.91,23.4,7.08
2026-03-15,Aurangabad,0.0,31.26,17.66,11.63
2026-03-16,Aurangabad,0.31,33.99,26.47,7.26
2026-03-17,Aurangabad,0.0,32.31,22.72,8.72
2026-03-18,Aurangabad,0.0,37.02,28.56,7.93
2026-03-19,Aurangabad,0.0,33.33,24.03,10.58
2026-03-20,Aurangabad,0.0,36.29,22.64,6.85
2026-03-21,Aurangabad,0.0,32.72,19.65,6.72
2026-03-22,Aurangabad,0.0,35.14,25.74,8.67
2026-03-23,Aurangabad,0.0,32.75,19.15,8.49
2026-03-24,Aurangabad,0.0,34.23,22.22,7.53
2026-03-25,Aurangabad,0.0,36.73,27.49,6.09
2026-03-26,Aurangabad,0.0,35.15,25.77,13.18
2026-03-27,Aurangabad,0.0,38.03,24.64,6.7
2026-03-28,Aurangabad,0.0,34.2,21.3,10.35
2026-03-29,Aurangabad,1.4,35.58,26.58,2.76
2026-03-30,Aurangabad,1.86,38.87,27.54,12.3
2026-03-31,Aurangabad,0.0,35.01,22.41,5.29
2026-04-01,Aurangabad,1.1,35.6,25.89,14.17
2026-04-02,Aurangabad,1.83,37.94,25.67,10.14
2026-04-03,Aurangabad,0.0,38.34,26.05,8.48
2026-04-04,Aurangabad,0.96,37.85,30.0,10.21
2026-04-05,Aurangabad,0.0,40.78,27.16,5.62
2026-04-06,Aurangabad,0.0,39.02,28.92,6.77
2026-04-07,Aurangabad,1.43,40.59,30.0,4.74
2026-04-08,Aurangabad,0.0,34.43,26.66,8.29
2026-04-09,Aurangabad,0.0,39.68,27.32,10.81
2026-04-10,Aurangabad,0.0,38.56,24.96,9.05
2026-04-11,Aurangabad,0.0,39.46,28.25,8.91
2026-04-12,Aurangabad,0.55,39.29,27.64,9.17
2026-04-13,Aurangabad,0.0,35.88,24.4,11.75
2026-04-14,Aurangabad,0.0,38.52,27.06,10.5
2026-04-15,Aurangabad,0.0,41.8,30.0,11.18
2026-04-16,Aurangabad,0.0,40.09,30.0,10.59
2026-04-17,Aurangabad,0.0,37.85,30.0,5.38
2026-04-18,Aurangabad,0.0,36.19,26.79,9.18
2026-04-19,Aurangabad,0.0,38.29,24.57,11.62
2026-04-20,Aurangabad,0.0,37.23,28.4,3.36
2026-04-21,Aurangabad,0.0,38.99,30.0,6.38
2026-04-22,Aurangabad,0.0,37.3,30.0,10.21
2026-04-23,Aurangabad,0.0,34.25,27.06,9.18
2026-04-24,Aurangabad,0.0,37.17,29.68,7.43
2026-04-25,Aurangabad,0.0,37.39,23.68,3.19
2026-04-26,Aurangabad,0.0,38.49,29.39,6.3
2026-04-27,Aurangabad,0.0,38.91,29.13,6.79
2026-04-28,Aurangabad,1.29,35.3,21.71,7.6
2026-04-29,Aurangabad,0.0,39.28,30.0,6.12
2026-04-30,Aurangabad,0.0,42.0,29.11,12.16
2026-05-01,Aurangabad,0.0,36.84,23.51,7.92
2026-05-02,Aurangabad,0.0,40.1,30.0,7.69
2026-05-03,Aurangabad,0.0,38.45,30.0,9.09
2026-05-04,Aurangabad,0.0,39.9,27.22,10.64
2026-05-05,Aurangabad,0.0,38.56,28.13,5.57
2026-05-06,Aurangabad,0.0,40.37,30.0,8.93
2026-05-07,Aurangabad,0.0,40.01,27.67,8.5
2026-05-08,Aurangabad,0.0,39.39,30.0,7.61
2026-05-09,Aurangabad,0.0,41.47,30.0,7.04
2026-05-10,Aurangabad,0.0,41.29,27.7,14.55
2026-05-11,Aurangabad,0.0,38.69,30.0,4.86
2026-05-12,Aurangabad,0.0,42.0,30.0,11.39
2026-05-13,Aurangabad,1.79,38.12,28.52,11.96
2026-05-14,Aurangabad,0.0,42.0,30.0,16.06
2026-05-15,Aurangabad,0.0,39.26,26.63,3.2
2026-05-16,Aurangabad,0.45,38.64,27.05,8.65
2026-05-17,Aurangabad,0.0,39.85,26.44,7.51
2026-05-18,Aurangabad,0.0,38.13,30.0,8.06
2026-05-19,Aurangabad,0.0,37.9,30.0,10.29
2026-05-20,Aurangabad,0.0,38.44,29.77,11.41
2026-05-21,Aurangabad,0.62,38.9,25.95,12.0
2026-05-22,Aurangabad,0.0,39.74,26.48,2.0
2026-05-23,Aurangabad,0.0,35.75,22.33,9.69
2026-05-24,Aurangabad,0.0,38.26,28.28,7.36
2026-05-25,Aurangabad,0.2,40.57,27.9,7.24
2026-05-26,Aurangabad,0.0,40.55,30.0,6.55
2026-05-27,Aurangabad,0.0,37.78,28.9,2.87
2026-05-28,Aurangabad,0.0,35.65,24.75,9.5
2026-05-29,Aurangabad,1.21,38.02,30.0,6.07
2026-05-30,Aurangabad,0.0,41.21,28.83,4.56
2026-05-31,Aurangabad,0.0,38.3,30.0,4.65
2026-06-01,Aurangabad,8.03,37.96,25.35,12.79
2026-06-02,Aurangabad,6.67,42.0,28.71,16.67
2026-06-03,Aurangabad,12.3,38.51,27.58,14.07
2026-06-04,Aurangabad,4.64,37.47,26.37,8.83
2026-06-05,Aurangabad,4.91,39.73,30.0,11.53
2026-06-06,Aurangabad,8.42,40.38,30.0,16.83
2026-06-07,Aurangabad,1.52,37.9,30.0,10.05
2026-06-08,Aurangabad,10.44,40.35,29.11,12.2
2026-06-09,Aurangabad,12.05,40.45,29.38,17.38
2026-06-10,Aurangabad,17.09,39.97,28.11,13.1
2026-06-11,Aurangabad,6.11,39.49,27.81,15.33
2026-06-12,Aurangabad,0.19,38.16,26.18,15.0
2026-06-13,Aurangabad,0.31,36.85,28.91,17.73
2026-06-14,Aurangabad,11.04,39.65,29.57,14.66
2026-06-15,Aurangabad,11.28,38.35,30.0,17.18
2026-06-16,Aurangabad,6.1,39.9,29.64,13.66
2026-06-17,Aurangabad,17.43,37.57,26.88,15.42
2026-06-18,Aurangabad,18.86,37.76,28.8,18.39
2026-06-19,Aurangabad,8.19,38.54,26.26,12.37
2026-06-20,Aurangabad,13.82,38.61,26.72,12.3
2026-06-21,Aurangabad,12.44,38.5,25.13,14.07
2026-06-22,Aurangabad,5.71,37.4,27.23,13.64
2026-06-23,Aurangabad,15.14,38.18,28.65,13.45
2026-06-24,Aurangabad,17.3,38.49,25.19,18.97
2026-06-25,Aurangabad,0.94,37.99,28.76,14.45
2026-06-26,Aurangabad,18.77,39.84,26.16,11.89
2026-06-27,Aurangabad,12.2,39.44,29.8,14.05
2026-06-28,Aurangabad,7.98,35.7,28.62,9.29
2026-06-29,Aurangabad,5.61,39.6,28.05,14.35
2026-06-30,Aurangabad,13.33,37.59,28.49,14.3
2026-07-01,Aurangabad,0.94,38.61,28.29,11.55
2026-07-02,Aurangabad,18.29,42.0,30.0,11.42
2026-07-03,Aurangabad,10.16,38.62,26.77,10.74
2026-07-04,Aurangabad,12.96,37.87,28.39,12.02
2026-07-05,Aurangabad,15.55,38.83,30.0,14.31
2026-07-06,Aurangabad,7.07,38.04,26.17,12.7
2026-07-07,Aurangabad,9.99,35.97,22.18,14.68
2026-07-08,Aurangabad,8.53,36.6,25.35,16.16
2026-07-09,Aurangabad,19.7,34.99,22.89,17.75
2026-07-10,Aurangabad,13.53,36.18,27.98,12.92
2026-07-11,Aurangabad,17.34,36.17,28.71,10.64
2026-07-12,Aurangabad,0.5,37.6,29.56,20.21
2026-07-13,Aurangabad,12.45,36.95,26.46,16.45
2026-07-14,Aurangabad,17.92,31.49,19.78,13.46
2026-07-15,Aurangabad,0.27,37.63,26.42,13.96
2026-07-16,Aurangabad,19.31,36.43,28.07,14.24
2026-07-17,Aurangabad,15.22,36.93,26.75,13.34
2026-07-18,Aurangabad,11.06,37.76,26.61,12.81
2026-07-19,Aurangabad,10.84,36.1,29.04,12.64
2026-07-20,Aurangabad,10.06,38.34,29.27,15.1
2026-07-21,Aurangabad,7.4,37.09,26.7,17.85
2026-07-22,Aurangabad,0.08,35.58,24.5,14.31
2026-07-23,Aurangabad,16.06,33.25,23.69,12.51
2026-07-24,Aurangabad,20.33,34.68,24.05,12.93
2026-07-25,Aurangabad,15.92,35.02,24.19,10.26
2026-07-26,Aurangabad,20.38,33.7,24.58,13.75
2026-07-27,Aurangabad,19.58,34.95,24.24,14.8
2026-07-28,Aurangabad,0.65,34.01,25.83,7.78
2026-07-29,Aurangabad,1.19,34.81,22.42,10.5
2026-07-30,Aurangabad,12.21,31.56,21.92,11.41
2026-07-31,Aurangabad,5.21,33.25,22.62,13.71
2026-08-01,Aurangabad,0.36,33.62,20.58,10.55
2026-08-02,Aurangabad,0.73,32.97,21.22,9.38
2026-08-03,Aurangabad,18.72,35.87,28.41,17.39
2026-08-04,Aurangabad,5.01,31.78,18.22,15.16
2026-08-05,Aurangabad,4.24,36.87,24.52,12.5
2026-08-06,Aurangabad,13.61,31.92,20.4,7.15
2026-08-07,Aurangabad,7.05,35.15,23.58,13.9
2026-08-08,Aurangabad,1.94,32.16,23.78,10.63
2026-08-09,Aurangabad,0.2,29.76,19.86,14.17
2026-08-10,Aurangabad,1.58,33.33,21.92,14.09
2026-08-11,Aurangabad,0.77,35.97,28.04,12.66
2026-08-12,Aurangabad,16.34,34.62,21.87,17.29
2026-08-13,Aurangabad,1.21,33.28,23.36,15.85
2026-08-14,Aurangabad,11.24,35.35,27.59,12.37
2026-08-15,Aurangabad,12.97,31.69,22.17,10.96
2026-08-16,Aurangabad,14.02,34.06,22.55,12.96
2026-08-17,Aurangabad,1.46,29.65,19.8,14.36
2026-08-18,Aurangabad,0.56,32.44,21.26,17.09
2026-08-19,Aurangabad,19.05,27.98,20.8,14.8
2026-08-20,Aurangabad,11.08,34.77,21.43,8.99
2026-08-21,Aurangabad,19.09,33.28,22.47,14.71
2026-08-22,Aurangabad,5.39,31.49,17.97,17.05
2026-08-23,Aurangabad,12.95,31.45,22.44,13.84
2026-08-24,Aurangabad,17.25,30.2,22.57,14.45
2026-08-25,Aurangabad,1.27,30.81,20.19,12.45
2026-08-26,Aurangabad,12.71,29.36,19.28,12.1
2026-08-27,Aurangabad,7.09,30.48,19.65,14.13
2026-08-28,Aurangabad,15.07,30.68,18.61,21.77
2026-08-29,Aurangabad,9.31,31.3,20.89,15.26
2026-08-30,Aurangabad,1.26,29.49,17.51,16.2
2026-08-31,Aurangabad,0.51,30.63,19.3,8.82
2026-09-01,Aurangabad,11.25,29.48,22.22,11.86
2026-09-02,Aurangabad,1.62,28.07,18.27,14.18
2026-09-03,Aurangabad,14.66,26.24,15.0,17.23
